"id";"page";"french";"german";"english";"turkish";"arabic";"description";"category";"difficulty";"learned"
"1371";"14";"Cisaillement";"Scherschneiden";"Shearing";"Kesme";"القص";;"Fertigungstechnik";;
"28";"15";"couper";"abschneiden";"Cutting";"Kesme";"القطع";;"Fertigungstechnik";;
"321";"15";"Cisaille en continu";"Durchlaufschere";"Continuous shears";"Sürekli kesme makineleri";"مقصات مستمرة";;"Fertigungstechnik";;
"1431";"23";"Équipements de protection individuelle";"Schutzausrüstung, persönlich";"Personal protective equipment";"Kişisel koruyucu donanım";"معدات الحماية الشخصية";;"Sicherheit";;
"105";"23";"Gant de travail";"Arbeitshandschuh";"Work gloves";"İş eldivenleri";"قفازات العمل";;"Sicherheit";;
"106";"23";"Casque de travail";"Arbeitshelm";"Safety helmet";"Koruyucu kask";"خوذة السلامة";;"Sicherheit";;
"107";"23";"Chaussure de travail";"Arbeitsschuh";"Work shoes";"İş ayakkabısı";"أحذية العمل";;"Sicherheit";;
"1435";"23";"Casque de protection";"Schutzhelm";"Safety helmet";"Koruyucu kask";"خوذة السلامة";;"Sicherheit";;
"1481";"23";"Chaussure de sécurité";"Sicherheitsschuh";"Safety shoes";"Güvenlik ayakkabıları";"أحذية السلامة";;"Sicherheit";;
"1434";"23";"Gant de protection";"Schutzhandschuh";"Protective gloves";"Koruyucu eldivenler";"قفازات واقية";;"Sicherheit";;
"554";"24";"Casque anti-bruits";"Gehörschützer";"Ear protection";"Kulak koruyucusu";"واقيات الأذن";;"Sicherheit";;
"1107";"24";"Protège oreilles";"Ohrenschützer";"Ear protectors";"Kulak koruyucular";"واقيات الأذن";;"Sicherheit";;
"1450";"24";"Masque de protection";"Schweißerschutzbrille";"Welding goggles";"Kaynak gözlüğü";"نظارات لحام";;"Sicherheit";;
"111";"24";"Masque respiratoire";"Atemmaske";"Respirator";"Solunum cihazı";"جهاز تنفس";;"Sicherheit";;
"1054";"24";"Masque de protection";"Mundschutzmaske";"Face mask";"Yüz maskesi";"قناع الوجه";;"Sicherheit";;
"1433";"24";"Lunettes de protection";"Schutzbrille";"Safety glasses";"Koruyucu gözlükler";"نظارات السلامة";;"Sicherheit";;
"1449";"24";"Lunettes de soudeur";"Schweißerbrille";"Welding goggles";"Kaynak gözlükleri";"نظارات لحام";;"Sicherheit";;
"470";"25";"Flamme nue";"Flamme, offen";"Open flame";"Açık alev";"لهب مكشوف";;"Sicherheit";;
"548";"25";"Absence de danger";"Gefahrlosigkeit";"Safe";"Güvenli";"خزنة";;"Sicherheit";;
"771";"25";"Eau non potable";"kein Trinkwasser";"No drinking water";"İçme suyu yok";"لا توجد مياه صالحة للشرب";;"Sicherheit";;
"1250";"25";"Absence de danger";"Rettung";"Rescue";"Kurtarma";"الإنقاذ";;"Sicherheit";;
"238";"25";"Protection contre l'incendie";"Brandschutz";"Fire protection";"Yangın koruması";"الحماية من الحرائق";;"Sicherheit";;
"442";"25";"Flamme nue interdite";"Feuer verboten";"No smoking";"Sigara içmek yasaktır";"ممنوع التدخين";;"Sicherheit";;
"513";"25";"Interdit aux piétons";"Fußgänger verboten";"No pedestrians";"Yaya geçişi yasaktır";"ممنوع مرور المشاة";;"Sicherheit";;
"546";"25";"Enceinte";"Gebot";"Requirement";"Gereklilik";"المتطلبات";;"Sicherheit";;
"1231";"25";"Interdiction de fumer";"Rauchen verboten";"No smoking";"Sigara içmek yasaktır";"ممنوع التدخين";;"Sicherheit";;
"1771";"25";"Interdiction";"Verbot";"Prohibition";"Yasak";"حظر";;"Sicherheit";;
"1772";"25";"Acier pour travail à chaud";"Verbotszeichen, allgemein";"Prohibition sign, general";"Yasak işareti, genel";"لافتة حظر، عامة";;"Sicherheit";;
"1845";"25";"Avertissement";"Warnung";"Warning";"Uyarı";"تحذير";;"Sicherheit";;
"37";"26";"Interdiction de s´arreter";"Abstellen verboten";"No parking";"Park yasaktır";"ممنوع الوقوف";;"Sicherheit";;
"482";"26";"Interdit aux chariots de manutention";"Flurförderzeuge verboten";"Industrial trucks prohibited";"Endüstriyel araçlar yasaktır";"ممنوع دخول الشاحنات الصناعية";;"Sicherheit";;
"912";"26";"Pas de charge lourde";"Last: keine schwere Last";"Load: no heavy loads";"Yük: ağır yükler yasaktır";"الحمولة: ممنوع الحمولة الثقيلة";;"Sicherheit";;
"1035";"26";"Interdiction de téléphones portables allumés";"Mobiltelefon verboten";"No cell phones";"Cep telefonu kullanımı yasaktır";"ممنوع استخدام الهواتف المحمولة";;"Sicherheit";;
"129";"26";"Interdiction de monter";"Aufsteigen verboten";"No climbing";"Tırmanmak yasaktır";"ممنوع التسلق";;"Sicherheit";;
"132";"26";"Ne pas utilliser l'ascenseur en cas d'incendie";"Aufzug im Brandfall nicht benutzen";"Do not use the elevator in case of fire";"Yangın durumunda asansörü kullanmayın";"لا تستخدم المصعد في حالة نشوب حريق";;"Sicherheit";;
"174";"26";"Interdiction de toucher";"Berühren verboten";"Do not touch";"Dokunmayınız";"لا تلمس";;"Sicherheit";;
"414";"26";"Interdiction de manger et de boire";"Essen und Trinken verboten";"No eating or drinking";"Yeme ve içme yasaktır";"ممنوع الأكل أو الشرب";;"Sicherheit";;
"696";"26";"Blessure à la main";"Hineinfassen verboten";"Do not reach inside";"İçeriye uzanmayın";"لا تمد يدك إلى الداخل";;"Sicherheit";;
"1031";"26";"Interdiction d'éteindre avec de l'eau";"mit Wasser löschen verboten";"Do not extinguish with water";"Su ile söndürmeyin";"لا تطفئ الحريق بالماء";;"Sicherheit";;
"491";"27";"Interdiction de photographier";"Fotografieren verboten";"No photography";"Fotoğraf çekmek yasaktır";"ممنوع التصوير";;"Sicherheit";;
"635";"27";"Meuleuse(s) à main interdite(s)";"handgeführte(s) Schleifen verboten";"No hand-held grinding";"El ile taşlama yasaktır";"يحظر الطحن اليدوي";;"Sicherheit";;
"1364";"27";"Ne pas modifier la position de l´interrupteur";"Schalten verboten";"Shifting prohibited";"Yer değiştirme yasaktır";"يحظر تغيير المسار";;"Sicherheit";;
"1473";"27";"Meulage latéral interdit";"Seitenschleifen verboten";"Side grinding prohibited";"Yan taraftan taşlama yasaktır";"يحظر الطحن الجانبي";;"Sicherheit";;
"1696";"27";"Interdiction de passer derrière l´arbre pivotant";"Treten hinter den Schwenkarm verboten";"No stepping behind the swing arm";"Salıncak kolunun arkasına basmayın";"ممنوع الوقوف خلف الذراع المتأرجح";;"Sicherheit";;
"1733";"27";"Entrée interdite aux personnes non autorisées";"Unbefugte, kein Zutritt";"Unauthorized persons, no entry";"Yetkisiz kişilerin girişi yasaktır";"ممنوع دخول الأشخاص غير المصرح لهم";;"Sicherheit";;
"173";"27";"Interdiction d'utiliser des gants";"Benutzen von Handschuhen verboten";"Use of gloves prohibited";"Eldiven kullanımı yasaktır";"يحظر استخدام القفازات";;"Sicherheit";;
"178";"27";"Interdit aux personnes non autorisées";"Besteigen für Unbefugte verboten";"Unauthorized persons prohibited from climbing";"Yetkisiz kişilerin tırmanması yasaktır";"يُحظر على الأشخاص غير المصرح لهم التسلق";;"Sicherheit";;
"181";"27";"Interdiction de pénétrer dans la zone";"Betreten der Fläche verboten";"No entry to this area";"Bu alana giriş yasaktır";"ممنوع الدخول إلى هذه المنطقة";;"Sicherheit";;
"1146";"27";"Interdiction de transporter des personnes";"Personenbeförderung verboten";"Transportation of persons prohibited";"Kişilerin taşınması yasaktır";"يحظر نقل الأشخاص";;"Sicherheit";;
"89";"28";"Respecter les instructions";"Anleitung beachten";"Follow instructions";"Talimatlara uyun";"اتبع التعليمات";;"Sicherheit";;
"134";"28";"Utiliser une protection oculaire";"Augenschutz benutzen";"Wear eye protection";"Göz koruyucu takın";"ارتدِ واقي العين";;"Sicherheit";;
"407";"28";"mise à la terre, avant utilisation";"erden, vor Benutzung";"Ground the unit before use";"Kullanmadan önce cihazı topraklayın";"قم بتأريض الوحدة قبل الاستخدام";;"Sicherheit";;
"518";"28";"Utiliser une protection des pieds";"Fußschutz benutzen";"Wear foot protection";"Ayak koruyucu giyin";"ارتدِ واقيات للقدمين";;"Sicherheit";;
"547";"28";"Panneau de signalisation, général";"Gebotszeichen, allgemein";"Mandatory sign, general";"Zorunlu işaret, genel";"لافتة إلزامية، عامة";;"Sicherheit";;
"553";"28";"Utiliser une protection auditive";"Gehörschutz benutzen";"Use hearing protection";"İşitme koruyucu kullanın";"استخدم واقي السمع";;"Sicherheit";;
"640";"28";"Utiliser des gants de protection";"Handschutz benutzen";"Use hand protection";"El koruyucu kullanın";"استخدم واقيات اليدين";;"Sicherheit";;
"1075";"28";"Débrancher la prise d'alimentation du secteur";"Netzstecker ziehen";"Unplug the power cord";"Güç kablosunu prizden çekin";"افصل سلك الطاقة";;"Sicherheit";;
"1437";"28";"Utiliser des vêtements de protection";"Schutzkleidung benutzen";"Wear protective clothing";"Koruyucu giysi giyin";"ارتدِ ملابس واقية";;"Sicherheit";;
"112";"29";"Utiliser une protection respiratoire";"Atemschutz benutzen";"Use respiratory protection";"Solunum koruyucu kullanın";"استخدم واقي الجهاز التنفسي";;"Sicherheit";;
"120";"29";"Utiliser un harnais de sécurité";"Auffanggurt benutzen";"Use a safety harness";"Emniyet kemeri kullanın";"استخدم حزام الأمان";;"Sicherheit";;
"1314";"29";"Ceinture de sécurité obligatoire";"Rückhaltesystem benutzen";"Use a fall arrest system";"Düşme önleme sistemi kullanın";"استخدم نظام منع السقوط";;"Sicherheit";;
"495";"29";"Déconnexion du courant, avant maintenance ou réparation";"freischalten, vor Wartung oder Reparatur";"Disconnect power before maintenance or repair";"Bakım veya onarımdan önce gücü kesin";"افصل التيار الكهربائي قبل إجراء الصيانة أو الإصلاح";;"Sicherheit";;
"572";"29";"Utiliser une protection du visage";"Gesichtsschutz benutzen";"Use face protection";"Yüz koruyucu kullanın";"استخدم واقي الوجه";;"Sicherheit";;
"633";"29";"Se laver les mains";"Hände waschen";"Wash hands";"Ellerinizi yıkayın";"اغسل يديك";;"Sicherheit";;
"832";"29";"Utiliser un casque de protection";"Kopfschutz benutzen";"Use head protection";"Baş koruyucu kullanın";"استخدم واقي الرأس";;"Sicherheit";;
"994";"29";"Utiliser un masque";"Maske benutzen";"Use a mask";"Maske kullanın";"استخدم قناعًا";;"Sicherheit";;
"1454";"29";"Utiliser un masque de soudage";"Schweißmaske benutzen";"Use a welding mask";"Kaynak maskesi kullanın";"استخدم قناع لحام";;"Sicherheit";;
"1847";"29";"Utiliser un gilet de sécurité";"Warnweste benutzen";"Wear a high-visibility vest";"Yüksek görünürlük yeleği giyin";"ارتدِ سترة عالية الوضوح";;"Sicherheit";;
"515";"30";"Utiliser le passage piétons";"Fußgängerweg benutzen";"Use the sidewalk";"Kaldırımdan yürüyün";"استخدم الرصيف";;"Sicherheit";;
"632";"30";"Utiliser de la crème pour les mains";"Handcreme benutzen";"Use hand cream";"El kremi kullanın";"استخدم كريم اليدين";;"Sicherheit";;
"664";"30";"Utiliser de la crème pour les mains";"Hautschutzmittel benutzen";"Use skin protection";"Cilt koruyucu kullanın";"استخدم منتجات حماية البشرة";;"Sicherheit";;
"1622";"30";"Substances explosives";"Stoffe, explosionsgefährlich";"Substances, explosive";"Madde, patlayıcı";"المواد المتفجرة";;"Sicherheit";;
"1709";"30";"Passerelle obligatoire";"Übergang benutzen";"Use the crosswalk";"Yaya geçidini kullanın";"استخدم ممر المشاة";;"Sicherheit";;
"1848";"30";"Panneau d'avertissement général";"Warnzeichen, allgemein";"Warning sign, general";"Genel uyarı işareti";"علامة تحذير عامة";;"Sicherheit";;
"514";"30";"Utiliser le passage piétons";"Fußgängerüberweg benutzen";"Use crosswalk";"Yaya geçidini kullanın";"استخدم ممر المشاة";;"Sicherheit";;
"910";"30";"Faisceaux laser";"Laserstrahlen";"Laser beams";"Lazer ışınları";"أشعة الليزر";;"Sicherheit";;
"1444";"30";"Utiliser un tablier de protection";"Schutzschürze benutzen";"Use protective apron";"Koruyucu önlük kullanın";"استخدم المئزر الواقي";;"Sicherheit";;
"1535";"30";"Fermer";"Sperren";"Barriers";"Bariyerler";"الحواجز";;"Sicherheit";;
"1621";"30";"Substance radioactive";"Stoff, radioaktiv";"Radioactive material";"Radyoaktif madde";"مواد مشعة";;"Sicherheit";;
"1625";"30";"Rayonnement ionisant";"Strahlung, ionisierend";"Ionizing radiation";"İyonlaştırıcı radyasyon";"الإشعاع المؤين";;"Sicherheit";;
"1626";"30";"Rayonnement non ionisant";"Strahlung, nicht ionisierend";"Non-ionizing radiation";"İyonlaştırıcı olmayan radyasyon";"الإشعاع غير المؤين";;"Sicherheit";;
"38";"31";"Risque de chute";"Absturzgefahr";"Risk of falling";"Düşme riski";"خطر السقوط";;"Sicherheit";;
"197";"31";"Risque biologique";"Biogefährdung";"Biological hazard";"Biyolojik tehlike";"المخاطر البيولوجية";;"Sicherheit";;
"481";"31";"Chariot élévateur";"Flurförderfahrzeug";"Industrial truck";"Endüstriyel forklift";"شاحنة صناعية";;"Sicherheit";;
"694";"31";"Obstacle sur le sol";"Hindernis am Boden";"Obstacle on the ground";"Yerdeki engel";"عائق على الأرض";;"Sicherheit";;
"911";"31";"Charge suspendue";"Last, schwebend";"Suspended load";"Asılı yük";"حمولة معلقة";;"Sicherheit";;
"1655";"31";"Gel, température basse";"Frost, niedrige Temperatur";"Frost, low temperature";"Don, düşük sıcaklık";"الصقيع، انخفاض درجة الحرارة";;"Sicherheit";;
"434";"31";"Champ magnétique";"Feld, magnetisch";"Magnetic field";"Manyetik alan";"المجال المغناطيسي";;"Sicherheit";;
"498";"31";"Gel";"Frost";"Frost";"Don";"الصقيع";;"Sicherheit";;
"987";"31";"Champ magnétique";"Magnetfeld";"Magnetic field";"Manyetik alan";"المجال المغناطيسي";;"Sicherheit";;
"1334";"31";"Risque de glissade";"Rutschgefahr";"Slip hazard";"Kayma tehlikesi";"خطر الانزلاق";;"Sicherheit";;
"1620";"31";"Substance toxique";"Stoff, giftig";"Toxic substance";"Zehirli madde";"مادة سامة";;"Sicherheit";;
"1519";"31";"Tension électrique";"Spannung,elektrisch";"Electrical voltage";"Elektrik gerilimi";"الجهد الكهربائي";;"Sicherheit";;
"87";"32";"Démarrage automatique";"Anlauf, automatisch";"Automatic start";"Otomatik başlatma";"التشغيل التلقائي";;"Sicherheit";;
"418";"32";"Atmosphère explosive";"explosionsfähige Atmosphäre";"Explosive atmosphere";"Patlayıcı ortam";"بيئة قابلة للانفجار";;"Sicherheit";;
"527";"32";"Bouteille de gaz";"Gasflasche";"Gas cylinder";"Gaz tüpü";"اسطوانة غاز";;"Sicherheit";;
"644";"32";"Blessure à la main";"Handverletzung";"Hand injury";"El yaralanması";"إصابة اليد";;"Sicherheit";;
"695";"32";"Obstacle au niveau de la tête";"Hindernis im Kopfbereich";"Obstacle in the head area";"Baş bölgesinde engel";"عائق في منطقة الرأس";;"Sicherheit";;
"1224";"32";"Risque d'écrasement";"Quetschgefahr";"Risk of crushing";"Ezilme riski";"خطر السحق";;"Sicherheit";;
"1617";"32";"Substance corrosive";"Stoff, ätzend";"Corrosive substance";"Aşındırıcı madde";"مادة أكالة";;"Sicherheit";;
"1618";"32";"Substance comburante";"Stoff, brandfördernd";"Substance, oxidizing";"Oksitleyici madde";"مادة مؤكسدة";;"Sicherheit";;
"1619";"32";"Substance inflammable";"Stoff, feuergefährlich";"Substance, flammable";"Yanıcı madde";"مادة قابلة للاشتعال";;"Sicherheit";;
"1627";"32";"Rayonnement optique";"Strahlung, optisch";"Optical radiation";"Optik radyasyon";"إشعاع بصري";;"Sicherheit";;
"56";"33";"DEA (défribrillateur externe automatisé)";"AED (Automatisierter Externer Defibrillator)";"AED (Automated External Defibrillator)";"AED (Otomatik Harici Defibrilatör)";"جهاز الصدمات الكهربائية الآلي الخارجي (AED)";;"Sicherheit";;
"109";"33";"Médecin";"Arzt";"Doctor";"Doktor";"طبيب";;"Sicherheit";;
"133";"33";"Douche oculaire";"Augendusche";"Eye wash";"Göz yıkama";"غسول للعين";;"Sicherheit";;
"135";"33";"Dispositif de rinçage des yeux";"Augenspüleinrichtung";"Eye wash station";"Göz yıkama istasyonu";"محطة غسل العين";;"Sicherheit";;
"280";"33";"Docteur";"Doktor";"Doctor";"Doktor";"طبيب";;"Sicherheit";;
"412";"33";"Premiers secours";"Erste Hilfe";"First aid";"İlk yardım";"الإسعافات الأولية";;"Sicherheit";;
"1088";"33";"Dispositif d'issue de secours";"Notausgangsvorrichtung";"Emergency exit device";"Acil çıkış cihazı";"جهاز مخرج الطوارئ";;"Sicherheit";;
"1092";"33";"Douche d'urgence";"Notdusche";"Emergency shower";"Acil durum duşu";"دش الطوارئ";;"Sicherheit";;
"1093";"33";"Téléphone d'urgence";"Notruftelefon";"Emergency telephone";"Acil durum telefonu";"هاتف الطوارئ";;"Sicherheit";;
"1341";"33";"Point de collecte";"Sammelstelle";"Assembly point";"Toplanma noktası";"نقطة التجمع";;"Sicherheit";;
"1091";"34";"Sortie de secours avec échelle de secours";"Notausstieg mit Fluchtleiter";"Emergency exit with escape ladder";"Kaçış merdivenli acil çıkış";"مخرج الطوارئ المزود بسلالم الهروب";;"Sicherheit";;
"1104";"34";"Ouverture en tournant vers la droite";"Öffnen durch Rechtsdrehung";"Open by turning clockwise";"Saat yönünde çevirerek açın";"يُفتح بالدوران في اتجاه عقارب الساعة";;"Sicherheit";;
"1251";"34";"le matériel de secours public";"Rettungsausrüstung, öffentlich";"Rescue equipment, public";"Kamu kurtarma ekipmanı";"معدات الإنقاذ العامة";;"Sicherheit";;
"847";"34";"Brancard";"Krankentrage";"Stretcher";"Sedye";"نقالة";;"Sicherheit";;
"1087";"34";"Sortie de secours à droite";"Notausgang rechts";"Emergency exit on the right";"Sağdaki acil çıkış";"مخرج الطوارئ على اليمين";;"Sicherheit";;
"1090";"34";"Sortie de secours";"Notausstieg";"Emergency exit";"Acil çıkış";"مخرج الطوارئ";;"Sicherheit";;
"1252";"34";"Sortie de secours";"Rettungsausstieg";"Emergency exit";"Acil çıkış";"مخرج الطوارئ";;"Sicherheit";;
"235";"35";"Lutte contre l'incendie, moyens et équipements";"Brandbekämpfung, Mittel und Gerät";"Firefighting, equipment and tools";"Yangınla mücadele, ekipman ve araçlar";"معدات وأدوات مكافحة الحرائق";;"Sicherheit";;
"237";"35";"Téléphone d'alerte incendie";"Brandmeldetelefon";"Fire alarm telephone";"Yangın alarm telefonu";"هاتف إنذار الحريق";;"Sicherheit";;
"443";"35";"Échelle de secours";"Feuerleiter";"Fire escape";"Yangın merdiveni";"سلم الطوارئ";;"Sicherheit";;
"236";"35";"Détecteur d'incendie";"Brandmelder";"Fire alarm";"Yangın alarmı";"إنذار الحريق";;"Sicherheit";;
"817";"35";"le caractère combinatoire";"Kombinationszeichen";"Combination symbol";"Kombinasyon sembolü";"رمز مركب";;"Sicherheit";;
"444";"35";"Extincteur";"Feuerlöscher";"Fire extinguisher";"Yangın söndürücü";"طفاية حريق";;"Sicherheit";;
"445";"35";"Détecteur d'incendie";"Feuermelder";"Fire alarm";"Yangın alarmı";"إنذار الحريق";;"Sicherheit";;
"949";"35";"Tuyau d'incendie";"Löschschlauch";"Fire hose";"Yangın hortumu";"خرطوم إطفاء";;"Sicherheit";;
"118";"36";"Corrosif";"ätzend";"Corrosive";"Aşındırıcı";"مسبب للتآكل";;"Sicherheit";;
"577";"36";"nocif pour la santé";"gesundheitsschädigend";"harmful to health";"sağlığa zararlı";"ضار بالصحة";;"Sicherheit";;
"576";"36";"Dangereux pour la santé";"gesundheitsgefährdend";"harmful to health";"sağlığa zararlı";"ضار بالصحة";;"Sicherheit";;
"594";"36";"Toxique";"giftig";"toxic";"zehirli";"سام";;"Sicherheit";;
"702";"36";"Hautement inflammable";"hochentzündlich";"highly flammable";"son derece yanıcı";"شديد الاشتعال";;"Sicherheit";;
"477";"37";"Plan de fuite et de sauvetage";"Flucht- und Rettungsplan";"Evacuation and Rescue Plan";"Tahliye ve Kurtarma Planı";"خطة الإخلاء والإنقاذ";;"Sicherheit";;
"413";"38";"Premiers secours, instructions";"Erste Hilfe, Anleitung";"First aid, instructions";"İlk yardım, talimatlar";"الإسعافات الأولية، التعليمات";;"Sicherheit";;
"182";"39";"Mode d'emploi (échelle)";"Betriebsanleitung (Leiter)";"Operating instructions (ladder)";"Kullanım talimatları (merdiven)";"تعليمات التشغيل (السلم)";;"Sicherheit";;
"183";"39";"Consignes d'exploitation (substances dangereuses)";"Betriebsanweisung (Gefahrstoffe)";"Operating instructions (hazardous substances)";"Kullanım talimatları (tehlikeli maddeler)";"تعليمات التشغيل (المواد الخطرة)";;"Sicherheit";;
"68";"40";"Échelle en aluminium";"Aluleiter";"Aluminum ladder";"Alüminyum merdiven";"سلم من الألومنيوم";;"Sicherheit";;
"74";"40";"Échelle en aluminium";"Aluminiumleiter";"Aluminum ladder";"Alüminyum merdiven";"سلم من الألومنيوم";;"Sicherheit";;
"88";"40";"Échelle simple";"Anlegeleiter";"Single ladder";"Tekli merdiven";"سلم أحادي";;"Sicherheit";;
"161";"40";"Échelle coulissante";"Ausziehleiter";"Extendable ladder";"Uzatılabilir merdiven";"سلم قابل للتمديد";;"Sicherheit";;
"920";"40";"Mettre en place une échelle";"Leiter anlegen";"Setting up a ladder";"Merdivenin kurulması";"تركيب السلم";;"Sicherheit";;
"1333";"40";"Antidérapant";"rutschfest";"non-slip";"kaymaz";"مضاد للانزلاق";;"Sicherheit";;
"1552";"40";"Protection contre l´écartement";"Spreizsicherung";"Anti-spread device";"Ayrılmayı önleyici cihaz";"جهاز مانع للانزلاق";;"Sicherheit";;
"1600";"40";"Sonde de température";"Stehleiter";"Step ladder";"Basamaklı merdiven";"سلم متدرج";;"Sicherheit";;
"233";"41";"Plinthe";"Bordbrett";"Step board";"Basamak tahtası";"لوح درجات";;"Sicherheit";;
"555";"41";"le garde-corps";"Geländerholm";"Handrail";"Korkuluk";"درابزين";;"Sicherheit";;
"566";"41";"Échafaudage sur roues";"Gerüst auf Rollen";"Scaffold on casters";"Tekerlekli iskele";"سقالة على عجلات";;"Sicherheit";;
"1957";"41";"la filière intermédiaire";"Zwischenholm";"Crossbar";"Çapraz çubuk";"عارضة";;"Sicherheit";;
"565";"41";"Echafaudage";"Gerüst";"Scaffold";"İskele";"سقالة";;"Sicherheit";;
"800";"41";"Petit échafaudage";"Kleingerüst";"Small scaffold";"Küçük iskele";"سقالة صغيرة";;"Sicherheit";;
"1515";"46";"l'écrou de serrage";"Spannmutter";"Tension nut";"Gergi somunu";"صامولة شد";;"Fertigungstechnik";;
"1916";"46";"le pas de dents";"Zahnteilung";"Tooth pitch";"Diş aralığı";"مسافة الأسنان";;"Fertigungstechnik";;
"631";"46";"la scie à métaux à main";"Handbügelsäge";"Hand-held hacksaw";"El testeres";"منشار يدوي";;"Fertigungstechnik";;
"1335";"46";"Lame de scie";"Sägeblatt";"Saw blade";"Testere bıçağı";"شفرة المنشار";;"Fertigungstechnik";;
"1336";"46";"Sciage";"sägen";"Sawing";"Testereyle kesme";"القطع";;"Fertigungstechnik";;
"1425";"46";"Étau";"Schraubstock";"Vise";"Mengene";"ملزمة";;"Fertigungstechnik";;
"1611";"46";"Scie sauteuse";"Stichsäge";"Jigsaw";"Dekupaj testeresi";"منشار متعرج";;"Fertigungstechnik";;
"1911";"46";"Dent";"Zahn";"Tooth";"Diş";"سن";;"Fertigungstechnik";;
"722";"47";"Machine à scier à mouvement alternatif";"Hubsägemaschine";"Jig saw";"Dekupaj testeresi";"منشار متعرج";;"Fertigungstechnik";;
"766";"47";"Scia à onglet radiale";"Kapp- und Gehrungssäge";"Mitre saw";"Gönye testere";"منشار ميتري";;"Fertigungstechnik";;
"848";"47";"Scie circulaire";"Kreissäge";"Circular saw";"Dairesel testere";"منشار دائري";;"Fertigungstechnik";;
"849";"47";"Scie circulaire";"Kreissägemaschine";"Circular saw";"Dairesel testere";"منشار دائري";;"Fertigungstechnik";;
"1288";"47";"Scie à tubes";"Rohrsäge";"Pipe saw";"Boru testeresi";"منشار الأنابيب";;"Fertigungstechnik";;
"219";"48";"Perçage";"bohren";"Drilling";"Delme";"الحفر";;"Fertigungstechnik";;
"119";"48";"Alésage";"aufbohren";"Reaming";"Raybalama";"التوسيع";;"Fertigungstechnik";;
"1802";"48";"Forage préalable";"vorbohren";"pre-drilling";"ön delme";"الحفر المسبق";;"Fertigungstechnik";;
"778";"48";"Carottage";"kernbohren";"core drilling";"karot delme";"الحفر الأساسي";;"Fertigungstechnik";;
"220";"49";"Forêt hélicoïdal";"Bohrer";"Drill";"Matkap";"المثقاب";;"Fertigungstechnik";;
"221";"49";"Type de foret";"Bohrertyp";"Drill type";"Matkap tipi";"نوع المثقاب";;"Fertigungstechnik";;
"619";"49";"D - matériaux durs, comme la fonte";"H - harte Werkstoffe";"H - hard materials";"H - sert malzemeler";"H - المواد الصلبة";;"Fertigungstechnik";;
"1058";"49";"N - matériaux normaux, comme l´acier";"N - normale Werkstoffe";"N - normal materials";"N - normal malzemeler";"N - المواد العادية";;"Fertigungstechnik";;
"1402";"49";"La partie coupante";"Schneidteil";"Cutting edge";"Kesici kenar";"حافة القطع";;"Fertigungstechnik";;
"1959";"49";"La queue cylindrique";"Zylinderschaft";"Cylindrical shank";"Silindirik şaft";"ساق أسطواني";;"Fertigungstechnik";;
"1530";"49";"Angle de coupe";"Spanwinkel";"Cutting angle";"Kesme açısı";"زاوية القطع";;"Fertigungstechnik";;
"1544";"49";"Forêt hélicoïdal";"Spiralbohrer";"Twist drill";"Helikli matkap";"مثقاب حلزوني";;"Fertigungstechnik";;
"1545";"49";"Longueur de pointe";"Spitzenlänge";"Tip length";"Uç uzunluğu";"طول الرأس";;"Fertigungstechnik";;
"1546";"49";"Angle de pointe";"Spitzenwinkel";"Point angle";"Uç açısı";"زاوية الرأس";;"Fertigungstechnik";;
"1813";"49";"T - matériaux tendres, comme l´aluminium";"W - weiche Werkstoffe";"W - soft materials";"W - yumuşak malzemeler";"W - المواد اللينة";;"Fertigungstechnik";;
"179";"50";"Forêt à béton";"Betonbohrer";"Concrete drill bit";"Beton matkap ucu";"مثقاب الخرسانة";;"Fertigungstechnik";;
"204";"50";"Forêt à tôle";"Blechbohrer";"Sheet metal drill";"Sac matkap ucu";"مثقاب الصفائح المعدنية";;"Fertigungstechnik";;
"713";"50";"Forêt à bois et à plastique";"Holz- und Kunststoffbohrer";"Wood and plastic drill bits";"Ahşap ve plastik matkap uçları";"مثاقب الخشب والبلاستيك";;"Fertigungstechnik";;
"720";"50";"Forêt HSS";"HSS-Bohrer";"HSS drill bits";"HSS matkap uçları";"مثاقب HSS";;"Fertigungstechnik";;
"1359";"50";"Le foret à pointe de centrage";"Schälbohrer";"Fluted drill bits";"Yivli matkap uçları";"رؤوس مثقاب مخددة";;"Fertigungstechnik";;
"1605";"50";"Forêt à pierre";"Steinbohrer";"Stone drill bits";"Taş matkap uçları";"رؤوس مثقاب الحجر";;"Fertigungstechnik";;
"1015";"50";"Forêt HSS";"Metallbohrer";"Metal drill bits";"Metal matkap uçları";"رؤوس مثقاب للمعادن";;"Fertigungstechnik";;
"59";"51";"Marteau perforateur sans fil";"Akkubohrhammer";"Cordless hammer drill";"Akülü darbeli matkap";"مثقاب مطرقي لاسلكي";;"Fertigungstechnik";;
"224";"51";"Marteau perfortateur";"Bohrhammer";"Hammer drill";"Darbeli matkap";"مثقاب مطرقي";;"Fertigungstechnik";;
"226";"51";"Trépan";"Bohrkrone";"Core drill";"Karot matkap";"مثقاب استخراج";;"Fertigungstechnik";;
"779";"51";"Carotteuse";"Kernbohrmaschine";"Core drill";"Karot matkap";"مثقاب استخراج";;"Fertigungstechnik";;
"1377";"51";"Perceuse à percution";"Schlagbohrmaschine";"Impact drill";"Darbeli matkap";"مثقاب صدمي";;"Fertigungstechnik";;
"1357";"52";"Perceuse à colonne";"Säulenbohrmaschine";"Column drill";"Kolon matkabı";"مثقاب عمودي";;"Fertigungstechnik";;
"228";"53";"Broche de perçage";"Bohrspindel";"Drill spindle";"Matkap mili";"عمود المثقاب";;"Fertigungstechnik";;
"230";"53";"Table de forage";"Bohrtisch";"Drilling table";"Delme masası";"طاولة الحفر";;"Fertigungstechnik";;
"294";"53";"Compte-tours";"Drehzahlmesser";"RPM meter";"Devir sayacı";"مقياس عدد الدورات في الدقيقة";;"Fertigungstechnik";;
"295";"53";;"Drehzahlverstellung";"Speed adjustment";"Hız ayarı";"ضبط السرعة";;"Fertigungstechnik";;
"517";"53";"le réglage de vitesse";"Fußplatte";"Base plate";"Taban plakası";"لوحة القاعدة";;"Fertigungstechnik";;
"863";"53";"le flexible pour réfrigérant";"Kühlmittelschlauch";"Coolant hose";"Soğutma sıvısı hortumu";"خرطوم سائل التبريد";;"Fertigungstechnik";;
"441";"53";"Levier de blocage";"Feststellhebel";"Lock lever";"Kilit kolu";"ذراع القفل";;"Fertigungstechnik";;
"862";"53";"Pompe de refroidissement";"Kühlmittelpumpe";"Coolant pump";"Soğutma sıvısı pompası";"مضخة سائل التبريد";;"Fertigungstechnik";;
"899";"53";"Manivelle";"Kurbel";"Crank";"Krank";"الكرنك";;"Fertigungstechnik";;
"1086";"53";"Arrêt d'urgence";"Not-Aus";"Emergency stop";"Acil durdurma";"إيقاف الطوارئ";;"Fertigungstechnik";;
"1255";"53";"l'entraînement par courroie";"Riemengetriebe";"Belt drive";"Kayış tahriki";"نظام الدفع بالحزام";;"Fertigungstechnik";;
"1356";"53";"Colonne";"Säule";"Column";"Kolon";"عمود";;"Fertigungstechnik";;
"1670";"53";"Butée de profondeur";"Tiefenanschlag";"Depth stop";"Derinlik durdurucu";"محدد العمق";;"Fertigungstechnik";;
"1809";"53";"Avance";"Vorschub";"Feed";"İlerletme";"التغذية";;"Fertigungstechnik";;
"1878";"53";"Logement de pièce à usiner";"Werkstückaufnahme";"Workpiece holder";"İş parçası tutucu";"حامل قطعة العمل";;"Fertigungstechnik";;
"379";"53";"Moteur électrique";"Elektromotor";"Electric motor";"Elektrik motoru";"محرك كهربائي";;"Fertigungstechnik";;
"222";"54";"Mandrin pour forêt avec rainure longitudinale";"Bohrfutter für Bohrer mit Längsnut";"Drill chuck for drills with longitudinal slot";"Boyuna oluklu matkaplar için matkap mandreni";"أظرف المثقاب للمثاقب ذات الفتحة الطولية";;"Fertigungstechnik";;
"223";"54";"la clé à mandrin";"Bohrfutterschlüssel";"Drill chuck key";"Matkap mandren anahtarı";"مفتاح حامل المثقاب";;"Fertigungstechnik";;
"770";"54";"la fraise à chanfreiner";"Kegelsenker";"Tapered countersink";"Konik havşa ucu";"مثقاب غاطس مدبب";;"Fertigungstechnik";;
"1223";"54";"la fraise à ébavurer à trou transversal";"Querlochsenker";"Cross-slot countersink";"Çapraz oluklu havşa";"مثقاب غاطس ذو فتحة عرضية";;"Fertigungstechnik";;
"1912";"54";"le mandrin de perçage à couronne dentée";"Zahnkranzbohrfutter";"Serrated collet chuck";"Tırtıklı pens mandreni";"مقبض تثبيت مسنن";;"Fertigungstechnik";;
"461";"54";"la fraise plate";"Flachsenker";"Flat countersink";"Düz havşa";"مثقاب مسطح";;"Fertigungstechnik";;
"908";"54";"Rainure longitudinale";"Längsnut";"Longitudinal groove";"Boyuna oluk";"أخدود طولي";;"Fertigungstechnik";;
"1407";"54";"Mandrin auto-serrant";"Schnellspannbohrfutter";"Quick-release drill chuck";"Hızlı açılır matkap mandreni";"مقبض مثقاب سريع التحرير";;"Fertigungstechnik";;
"437";"55";"taraud finisseur";"Fertigschneider";"Finishing cutter";"Son işlem frezesi";"قاطع تشطيب";;"Fertigungstechnik";;
"1808";"55";"taraud ébaucheur";"Vorschneider";"Pre-cutter";"Ön kesici";"قاطع تمهيدي";;"Fertigungstechnik";;
"735";"55";"Filetage intérieur";"Innengewinde";"Internal thread";"İç diş";"اللولب الداخلي";;"Fertigungstechnik";;
"1033";"55";"Coupe-câbles";"Mittelschneider";"Center cutter";"Merkez kesici";"قاطع مركزي";;"Fertigungstechnik";;
"1257";"55";"Anneau";"Ring";"Ring";"Halka";"حلقة";;"Fertigungstechnik";;
"580";"55";"Taraud";"Gewindebohrer";"Tap";"Kılavuz";"المثقاب";;"Fertigungstechnik";;
"157";"55";"Filetage extérieur";"Außengewinde";"External thread";"Dış diş";"الخيط الخارجي";;"Fertigungstechnik";;
"578";"55";"Filetage";"Gewinde";"Thread";"Diş";"الخيط";;"Fertigungstechnik";;
"587";"56";"Tête de taraudage";"Gewindeschneidkopf";"Thread cutting head";"Diş açma kafası";"رأس قطع الخيط";;"Fertigungstechnik";;
"588";"56";"Outil de taraudage";"Gewindeschneidzeug";"Thread cutting tool";"Diş açma aleti";"أداة قطع الخيط";;"Fertigungstechnik";;
"638";"56";"Pince à fileter à main";"Handkluppe";"Hand tap";"El kılavuzu";"مثقاب يدوي";;"Fertigungstechnik";;
"805";"56";"Pince à fileter à main";"Kluppe";"Tong";"Pense";"ملاقط";;"Fertigungstechnik";;
"1230";"56";"Levier à cliquet";"Ratschenhebel";"Ratchet lever";"Cırcır kolu";"ذراع السقاطة";;"Fertigungstechnik";;
"1393";"56";"Filière de coupe";"Schneideisen";"Tapping die";"Kılavuz";"قالب التثقيب";;"Fertigungstechnik";;
"586";"56";"Outil de taraudage";"Gewindeschneider";"Thread cutter";"Diş açma aleti";"قاطع الخيوط";;"Fertigungstechnik";;
"1396";"56";"Tête de taraudage";"Schneidkopf";"Cutting head";"Kesme kafası";"رأس القطع";;"Fertigungstechnik";;
"1228";"56";"Clé à cliquet";"Ratsche";"Ratchet";"Cırcır";"السقاطة";;"Fertigungstechnik";;
"584";"57";"Machine à fileter";"Gewindeschneidemaschine";"Thread cutting machine";"Diş açma makinesi";"آلة قطع الخيوط";;"Fertigungstechnik";;
"585";"57";"Machine à fileter, à guidage manuel";"Gewindeschneidemaschine, handgeführt";"Hand-held threading machine";"El tipi diş açma makinesi";"آلة تشكيل الخيوط اليدوية";;"Fertigungstechnik";;
"1409";"57";"la tête de filetage automatisée";"Schnellwechsel-Schneidkopf";"Quick-change cutting head";"Hızlı değiştirilebilir kesme kafası";"رأس قطع سريع التبديل";;"Fertigungstechnik";;
"476";"58";"Meuleuse d'angle";"Flex";"Flex";"Esnek";"مرن";;"Fertigungstechnik";;
"1694";"58";"Disque à tronçonner";"Trennschleifscheibe";"Cutting disc";"Kesme diski";"قرص القطع";;"Fertigungstechnik";;
"424";"58";"Code couleur de la meule";"Farbcodierung der Schleifscheibe";"Color coding of the grinding wheel";"Taşlama diskinde renk kodlaması";"الترميز اللوني لقرص الطحن";;"Fertigungstechnik";;
"1693";"58";"Tronçonnage";"trennschleifen";"Cutting";"Kesme";"القطع";;"Fertigungstechnik";;
"1723";"58";"Vitesse périphérique";"Umfangsgeschwindigkeit";"Peripheral speed";"Çevresel hız";"السرعة المحيطية";;"Fertigungstechnik";;
"1899";"58";"Meuleuse d'angle";"Winkelschleifer";"Angle grinder";"Aşındırıcı";"المفرزة الزاوية";;"Fertigungstechnik";;
"26";"59";"Écrouter";"abschälen";"chipping";"yontma";"التقطيع";;"Fertigungstechnik";;
"85";"59";"Chanfreiner";"anfasen";"Chamfering";"Pah kırma";"تشطيب الحواف";;"Fertigungstechnik";;
"391";"59";"Ébavureur à entraînement électrique";"Entgrater mit elektrischem Antrieb";"Electric deburring tool";"Elektrikli çapak alma aleti";"أداة إزالة الحواف الخشنة الكهربائية";;"Fertigungstechnik";;
"634";"59";"Ébavureur manuel";"Handentgrater";"Hand deburrer";"El çapak alma aleti";"أداة إزالة الحواف اليدوية";;"Fertigungstechnik";;
"1366";"59";"outil d'ecroutage";"Schälwerkzeug";"Peeling tool";"Soyma aleti";"أداة التقشير";;"Fertigungstechnik";;
"738";"59";"Ebavureur de tube intérieur";"Innenrohrentgrater";"Inner tube deburrer";"İç lastik çapak alma aleti";"أداة إزالة الحواف الخشنة للأنبوب الداخلي";;"Fertigungstechnik";;
"1691";"59";"Appareil à tronçonner et à chanfreiner";"Trenn- und Anfasgerät";"Cutting and chamfering tool";"Kesme ve pah kırma aleti";"أداة القطع والشطب";;"Fertigungstechnik";;
"1737";"59";"Ébavureur universel";"Universalentgrater";"Universal deburrer";"Çok amaçlı çapak alma aleti";"أداة إزالة الحواف متعددة الاستخدامات";;"Fertigungstechnik";;
"390";"59";"Ébavurer";"entgraten";"Deburring";"Çapak alma";"إزالة الحواف الخشنة";;"Fertigungstechnik";;
"200";"60";"Tôle";"Blech";"Sheet metal";"Sac";"الصفائح المعدنية";;"Fertigungstechnik";;
"147";"60";"Encocher";"ausklinken";"Notching";"Çentik açma";"التشقيب";;"Fertigungstechnik";;
"726";"60";"Cisaille idéale";"Ideale Schere";"Ideal shears";"İdeal makaslar";"مقصات مثالية";;"Fertigungstechnik";;
"1370";"60";"Cisaille";"Schere";"Shears";"Makaslar";"مقصات";;"Fertigungstechnik";;
"177";"61";"Détourer";"beschneiden";"Trimming";"Kesme";"التشذيب";;"Fertigungstechnik";;
"354";"61";"Inciser";"einschneiden";"Cut";"Kesme";"القطع";;"Fertigungstechnik";;
"850";"61";"découpe circulaire";"kreisschneiden";"Circular cutting";"Dairesel kesme";"القطع الدائري";;"Fertigungstechnik";;
"944";"61";"Découpe de trous";"lochschneiden";"Punch";"Zımba";"ثقب";;"Fertigungstechnik";;
"561";"61";"Cisaille droite";"Gerade Schere";"Straight shears";"Düz makas";"مقصات مستقيمة";;"Fertigungstechnik";;
"629";"61";"Taraud";"Handblechschere, elektrisch";"Electric hand-held sheet metal shears";"Elektrikli el tipi sac makası";"مقصات كهربائية محمولة لقطع الصفائح المعدنية";;"Fertigungstechnik";;
"943";"61";"Cisaille à perforer";"Lochschere";"Hole shears";"Delik makası";"مقصات الثقوب";;"Fertigungstechnik";;
"637";"62";"la cisaille à levier manuelle";"Handhebelschere";"Hand-operated shears";"Elle çalıştırılan makaslar";"مقص يدوي";;"Fertigungstechnik";;
"1078";"62";"le presseur";"Niederhalter";"Hold-down device";"Sabitleme cihazı";"جهاز تثبيت";;"Fertigungstechnik";;
"666";"62";"Cisaille à levier";"Hebeltafelschere";"Lever-type panel shears";"Kol tipi panel makası";"مقصات الألواح من نوع الرافعة";;"Fertigungstechnik";;
"1302";"62";"Cisaille à tôle à rouleaux";"Rollenblechschere";"Roll-type sheet metal shears";"Rulo tipi sac makası";"مقصات الصفائح المعدنية من النوع الدوار";;"Fertigungstechnik";;
"29";"63";"La coupe";"Abschneiden";"Cutting";"Kesme";"القطع";;"Fertigungstechnik";;
"710";"63";"Taille creuse";"Hohlschliff";"Hollow grinding";"İçi boş taşlama";"طحن المجوفات";;"Fertigungstechnik";;
"1587";"63";"Refoulement";"Stauchen";"Upsetting";"Dövme";"التشكيل بالضغط";;"Fertigungstechnik";;
"1394";"63";"Découper";"Schneiden";"Cutting";"Kesme";"القطع";;"Fertigungstechnik";;
"1403";"63";"Processus de coupe";"Schneidvorgang";"Cutting process";"Kesme işlemi";"عملية القطع";;"Fertigungstechnik";;
"1692";"63";"Séparation";"Trennen";"Cutting";"Kesme";"القطع";;"Fertigungstechnik";;
"64";"64";"Coupe-tubes sans fil";"Akku-Rohrschneider";"Cordless pipe cutter";"Akülü boru kesici";"قاطع الأنابيب اللاسلكي";;"Fertigungstechnik";;
"1266";"64";"Couper un tuyau";"Rohr abschneiden";"Cutting pipe";"Boru kesme";"قطع الأنابيب";;"Fertigungstechnik";;
"1268";"64";"Coupe-tube";"Rohrabschneider";"Pipe cutter";"Boru kesici";"قاطع الأنابيب";;"Fertigungstechnik";;
"1327";"64";"Couteau circulaire";"Rundmesser";"Circular blade";"Dairesel bıçak";"شفرة دائرية";;"Fertigungstechnik";;
"1397";"64";"Couteau circulaire";"Schneidrad";"Cutting wheel";"Kesme diski";"قرص قطع";;"Fertigungstechnik";;
"1295";"64";"Cisaille à tubes";"Rohrschere";"Pipe shears";"Boru makası";"مقص الأنابيب";;"Fertigungstechnik";;
"1395";"64";"Chaîne de coupe";"Schneidkette";"Cutting chain";"Kesme zinciri";"سلسلة القطع";;"Fertigungstechnik";;
"1399";"64";"Bague coupante pour tubes en grès";"Schneidring für Steinzeugrohre";"Cutting ring for vitrified clay pipes";"Vitrifiye kil borular için kesme halkası";"حلقة قطع للأنابيب الطينية المزججة";;"Fertigungstechnik";;
"188";"65";"Ressort de flexion";"Biegefeder";"Bending spring";"Bükme yayı";"نابض ثني";;"Fertigungstechnik";;
"639";"65";"Cintreuse manuelle pour tubes";"Handrohrbiegegerät";"Hand-held pipe bender";"El tipi boru bükücü";"آلة ثني الأنابيب اليدوية";;"Fertigungstechnik";;
"1951";"65";"Pince à cintrer à deux mains";"Zweihandbiegezange";"Two-hand bending pliers";"İki elli bükme pensesi";"كماشة ثني تعمل باليدين";;"Fertigungstechnik";;
"493";"65";"Ceintrage à main levée";"Freihandbiegen";"Freehand bending";"Serbest bükme";"الثني اليدوي";;"Fertigungstechnik";;
"156";"65";"Extérieur";"außen";"external";"dış";"خارجي";;"Fertigungstechnik";;
"190";"66";"Cintreuse";"Biegemaschine";"Bending machine";"Bükme makinesi";"آلة الثني";;"Fertigungstechnik";;
"301";"66";"Accessoire de cintrage à trois rouleaux";"Dreirollenbiegeaufsatz";"Three-roll bending attachment";"Üç silindirli bükme aparatı";"ملحق ثني ثلاثي الأسطوانات";;"Fertigungstechnik";;
"1276";"66";"Cintreuse de tuyaux, hydraulique";"Rohrbiegemaschine, hydraulisch";"Hydraulic pipe bender";"Hidrolik boru bükücü";"آلة ثني الأنابيب الهيدروليكية";;"Fertigungstechnik";;
"1229";"66";"Pince à cintrer à cliquet";"Ratschenbiegezange";"Ratchet bending pliers";"Cırcırlı bükme pensesi";"كماشة ثني ذات سقاطة";;"Fertigungstechnik";;
"1275";"66";"Cintreuse de tuyaux, électrique";"Rohrbiegemaschine, elektrisch";"Electric pipe bender";"Elektrikli boru bükücü";"آلة ثني الأنابيب الكهربائية";;"Fertigungstechnik";;
"191";"67";"Segment de cintrage";"Biegesegment";"Bending segment";"Bükme segmenti";"جزء الثني";;"Fertigungstechnik";;
"217";"67";"Longueur d'arc";"Bogenlänge";"Bend length";"Bükme uzunluğu";"طول الانحناء";;"Fertigungstechnik";;
"50";"67";"Axe, neutre";"Achse, neutral";"Axis, neutral";"Eksen, nötr";"المحور، المحايد";;"Fertigungstechnik";;
"218";"67";"Longueur d'arc , étiré";"Bogenlänge, gestreckt";"Bend length, stretched";"Bükme uzunluğu, gerilmiş";"طول الانحناء، ممدود";;"Fertigungstechnik";;
"574";"67";"Compressé";"gestaucht";"compressed";"sıkıştırılmış";"مضغوط";;"Fertigungstechnik";;
"551";"67";"Contre-support";"Gegenhalter";"Counterholder";"Karşı tutucu";"حامل المقابل";;"Fertigungstechnik";;
"575";"67";"étiré";"gestreckt";"stretched";"gerilmiş";"ممدود";;"Fertigungstechnik";;
"148";"68";"encochage";"Ausklinken";"Notching";"Çentik açma";"التشقيب";;"Fertigungstechnik";;
"231";"68";"Perçage";"Bohrung";"Bore";"Delik";"الفتحة";;"Fertigungstechnik";;
"425";"68";"Chanfrein";"Fase";"Chamfer";"Pah";"الشطب";;"Fertigungstechnik";;
"466";"68";"embout de cintrage pour acier plat";"Flachstahlbiegeaufsatz";"Flat steel bending attachment";"Düz çelik bükme aparatı";"ملحق ثني الفولاذ المسطح";;"Fertigungstechnik";;
"1196";"68";"Profil cintré";"Profil, gebogen";"Profile, bent";"Profil, bükülmüş";"المقطع الجانبي، المثني";;"Fertigungstechnik";;
"1814";"68";"Cintrage par rouleau";"Walzenbiegen";"Roll bending";"Rulo bükme";"ثني بالدرفلة";;"Fertigungstechnik";;
"189";"69";"Force de flexion";"Biegekraft";"Bending force";"Bükme kuvveti";"قوة الثني";;"Fertigungstechnik";;
"205";"69";"Pince à tôle";"Blechkluppe";"Sheet metal clamp";"Sac kelepçesi";"مشبك الصفائح المعدنية";;"Fertigungstechnik";;
"765";"69";"Chant";"Kanten";"Edges";"Kenarlar";"الحواف";;"Fertigungstechnik";;
"907";"69";"Longueur, étirée";"Länge, gestreckt";"Length, stretched";"Uzunluk, gerilmiş";"الطول، ممدود";;"Fertigungstechnik";;
"712";"69";"Marteau en bois ou en plastique";"Holz- oder Kunststoffhammer";"Wooden or plastic hammer";"Ahşap veya plastik çekiç";"مطرقة خشبية أو بلاستيكية";;"Fertigungstechnik";;
"1225";"69";"Ecrasement";"Quetschung";"Crushing";"Ezme";"السحق";;"Fertigungstechnik";;
"1263";"69";"Formation de fissures";"Rissbildung";"Cracking";"Çatlama";"التشقق";;"Fertigungstechnik";;
"1309";"69";"Retour élastique";"Rückfederung";"Springback";"Geri esneme";"الارتداد";;"Fertigungstechnik";;
"1879";"69";"Longueur de la pièce à usiner";"Werkstücklänge";"Workpiece length";"İş parçası uzunluğu";"طول قطعة العمل";;"Fertigungstechnik";;
"187";"70";"Poutre de pliage";"Biegebalken";"Bending beam";"Bükme kirişi";"عارضة الانحناء";;"Fertigungstechnik";;
"305";"70";"Joue supérieure";"Druckbalken";"Compression beam";"Sıkıştırma kirişi";"عارضة الضغط";;"Fertigungstechnik";;
"193";"70";"Poutre de pliage";"Biegewange";"Bending side";"Bükme tarafı";"جانب الانحناء";;"Fertigungstechnik";;
"1103";"70";"Joue supérieure";"Oberwange";"Upper beam";"Üst kiriş";"العارضة العلوية";;"Fertigungstechnik";;
"1461";"70";"cintrage par pivotement";"Schwenkbiegemaschine";"Swivel bending machine";"Döner bükme makinesi";"آلة الثني الدوارة";;"Fertigungstechnik";;
"1750";"70";"Joue inférieure";"Unterwange";"Lower beam";"Alt kiriş";"العارضة السفلية";;"Fertigungstechnik";;
"1823";"70";"Joue mobile";"Wange, beweglich";"Side plate, movable";"Yan plaka, hareketli";"لوحة جانبية، قابلة للتحريك";;"Fertigungstechnik";;
"1462";"70";"Cintrage par pivotement";"Schwenkbiegen";"Swivel bending";"Döner bükme";"ثني دوار";;"Fertigungstechnik";;
"1673";"70";"Table";"Tisch";"Table";"Masa";"طاولة";;"Fertigungstechnik";;
"12";"71";"Cintrage par presse";"Abkantpressen";"Press brakes";"Pres frenleri";"مكابس الثني";;"Fertigungstechnik";;
"192";"71";"Poinçon de cintrage";"Biegestempel";"Bending punch";"Bükme zımbası";"مثقاب الثني";;"Fertigungstechnik";;
"570";"71";"Cintrage par presse";"Gesenkbiegen";"Die bending";"Kalıp bükme";"ثني القوالب";;"Fertigungstechnik";;
"571";"71";"Presse à cintrer";"Gesenkbiegepresse";"Die-bending press";"Kalıplı bükme presi";"مكبس الثني بالقالب";;"Fertigungstechnik";;
"1097";"71";"Poutre supérieure";"Oberbalken";"Upper beam";"Üst kiriş";"العارضة العلوية";;"Fertigungstechnik";;
"1739";"71";"Poutre inférieure";"Unterbalken";"Lower beam";"Alt kiriş";"العارضة السفلية";;"Fertigungstechnik";;
"356";"72";"Profondeur d'insertion";"Einstecktiefe";"Insertion depth";"Girinti derinliği";"عمق الإدخال";;"Fertigungstechnik";;
"126";"72";"Mandriner";"aufmuffen";"Sleeve";"Manşon";"الجلبة";;"Fertigungstechnik";;
"1329";"72";"Machine à arrondir les angles";"Rundungsmaschine";"Bending machine";"Bükme makinesi";"آلة الثني";;"Fertigungstechnik";;
"1048";"72";"Manchon";"Muffe";"Sleeve";"Manşon";"الجلبة";;"Fertigungstechnik";;
"1049";"72";"Raccord par manchon";"Muffenverbindung";"Sleeve joint";"Manşon bağlantısı";"وصلة الجلبة";;"Fertigungstechnik";;
"1324";"72";"Rond";"Runden";"Rounding";"Yuvarlatma";"التدوير";;"Fertigungstechnik";;
"1326";"72";"Bigorne ronde";"Rundhorn";"Rounding horn";"Yuvarlama boynuzu";"قرن التقريب";;"Fertigungstechnik";;
"139";"73";"Outil de formation de collerette";"Aushalser";"Flaring machine";"Genişletme makinesi";"آلة التوسيع";;"Fertigungstechnik";;
"140";"73";"Outil électrique de formation de collerette";"Aushalser, elektrisch";"Flared connector, electrical";"Genişletilmiş konektör, elektrik";"موصل متسع، كهربائي";;"Fertigungstechnik";;
"141";"73";"Formation de collerette";"Aushalsung";"Flaring";"Genişletme";"التوسيع";;"Fertigungstechnik";;
"144";"73";"Outil de formation de collerette";"Aushalswerkzeug";"Flaring tool";"Genişletme aleti";"أداة التوسيع";;"Fertigungstechnik";;
"130";"73";"têtes d'expansion";"Aufweitköpfe";"Expanding heads";"Genişletme başlıkları";"رؤوس التوسيع";;"Fertigungstechnik";;
"146";"73";"Outil électrique de formation de collerette";"Aushalswerkzeug, elektrisch";"Flaring tool, electric";"Elektrikli genişletme aleti";"أداة توسيع، كهربائية";;"Fertigungstechnik";;
"1360";"73";"forêt à écouter avec pointe de perçage";"Schälbohrer mit Anbohrspitze";"Peeling drill with pilot bit";"Pilot uçlu soyma matkabı";"مثقاب تقشير مزود برأس توجيه";;"Fertigungstechnik";;
"1050";"73";"Pince à manchons";"Muffenzange";"Sleeve pliers";"Manşon pensesi";"كماشة الأكمام";;"Fertigungstechnik";;
"142";"74";"Formation de collerette avec clé à cliquet";"Aushalsung mit der Ratsche";"Flaring with a ratchet";"Cırcır anahtarı ile genişletme";"توسيع الحواف باستخدام مفتاح السقاطة";;"Fertigungstechnik";;
"143";"74";"Formation de collerette avec un outil de formation de collerette électrique";"Aushalsung mit elektrischem Aushalswerkzeug";"Flaring with an electric flaring tool";"Elektrikli genişletme aleti ile genişletme";"التوسيع باستخدام أداة توسيع كهربائية";;"Fertigungstechnik";;
"145";"74";"Insertion de l'outil d'encollage";"Aushalswerkzeug einführen";"Insert the flaring tool";"Genişletme aletini yerleştirin";"أدخل أداة التوسيع";;"Fertigungstechnik";;
"358";"75";"Profondeur d'insertion L";"Einstecktiefe L";"Insertion depth L";"Takma derinliği L";"عمق الإدخال L";;"Fertigungstechnik";;
"1949";"75";"Longueur de coupe";"Zuschnittlänge";"Cutting length";"Kesme uzunluğu";"طول القطع";;"Fertigungstechnik";;
"1034";"75";"Cote centre-centre";"Mitte-Mitte-Maß";"Center-to-center dimension";"Merkezden merkeze mesafe";"البعد من المركز إلى المركز";;"Fertigungstechnik";;
"1817";"75";"Épaisseur de paroi";"Wanddicke";"Wall thickness";"Duvar kalınlığı";"سمك الجدار";;"Fertigungstechnik";;
"1930";"75";"Cote z";"z-Maß";"z-dimension";"z boyutu";"البعد z";;"Fertigungstechnik";;
"487";"76";"Flux";"Flussmittel";"Flux";"Akı";"المذيب";;"Fertigungstechnik";;
"627";"76";"Fer à souder à marteau";"Hammerlötkolben";"Hammer soldering iron";"Çekiçli lehim havyası";"مكواة لحام مطرقة";;"Fertigungstechnik";;
"954";"76";"Pâte à braser";"Lötpaste";"Solder paste";"Lehim macunu";"معجون اللحام";;"Fertigungstechnik";;
"957";"76";"Brasage tendre";"Lötzinn";"Solder";"Lehim";"اللحام";;"Fertigungstechnik";;
"1197";"76";"Brûleur propane-oxygène";"Propan-Sauerstoff-Brenner";"Propane-oxygen torch";"Propan-oksijen torcu";"شعلة البروبان والأكسجين";;"Fertigungstechnik";;
"1868";"76";"Brasage tendre";"Weichlot";"Soft solder";"Yumuşak lehim";"لحام ناعم";;"Fertigungstechnik";;
"1869";"76";"Brasage tendre";"Weichlöten";"Soft soldering";"Yumuşak lehimleme";"اللحام الناعم";;"Fertigungstechnik";;
"374";"77";"Fer à souder électrique";"Elektrolötkolben";"Electric soldering iron";"Elektrikli lehim havyası";"مكواة لحام كهربائية";;"Fertigungstechnik";;
"951";"77";"la brasure liquide";"Lot, flüssig";"Solder, liquid";"Lehim, sıvı";"لحام سائل";;"Fertigungstechnik";;
"1893";"77";"soudeuse électrique par résistance";"Widerstandslötgerät, elektrisch";"Electric resistance soldering unit";"Elektrikli dirençli lehimleme ünitesi";"وحدة لحام بالمقاومة الكهربائية";;"Fertigungstechnik";;
"956";"77";"fente de brasage, chauffée ";"Lötspalt (erhitzt)";"Soldering gap (heated)";"Lehimleme boşluğu (ısıtılmış)";"فجوة اللحام (مسخنة)";;"Fertigungstechnik";;
"950";"77";"brasure";"Lot";"Solder";"Lehim";"اللحام";;"Fertigungstechnik";;
"46";"78";"Acétylène marron";"Acetylen kastanienbraun";"Acetylene, maroon";"Asetilen, bordo";"الأسيتيلين، كستنائي";;"Fertigungstechnik";;
"48";"78";"Brûleur acétylène-oxygène";"Acetylen-Sauerstoff-Brenner";"Acetylene-oxygen torch";"Asetilen-oksijen torcu";"شعلة الأسيتيلين والأكسجين";;"Fertigungstechnik";;
"648";"78";"Brasure forte";"Hartlot";"Brazing";"Sert lehimleme";"اللحام بالنحاس";;"Fertigungstechnik";;
"649";"78";"Brasage fort";"Hartlöten";"Brazing";"Sert lehimleme";"اللحام بالنحاس";;"Fertigungstechnik";;
"882";"78";"Raccords en cuivre";"Kupferfittings";"Copper fittings";"Bakır bağlantı parçaları";"تجهيزات نحاسية";;"Fertigungstechnik";;
"1490";"78";"Dispositif de sécurité";"Sicherungseinrichtung";"Safety device";"Güvenlik cihazı";"جهاز أمان";;"Fertigungstechnik";;
"1248";"78";"Non-tissé de nettoyage";"Reinigungsvlies";"Cleaning pad";"Temizlik pedi";"وسادة تنظيف";;"Fertigungstechnik";;
"1892";"79";"brasage par résistance électrique";"Widerstandslöten, elektrisch";"Resistance brazing, electric";"Dirençli lehimleme, elektrikli";"اللحام بالمقاومة الكهربائية";;"Fertigungstechnik";;
"757";"79";"Calibrer";"kalibrieren";"Calibrate";"Kalibre et";"المعايرة";;"Fertigungstechnik";;
"955";"79";"Appliquer la pâte à braser";"Lötpaste auftragen";"Apply solder paste";"Lehim pastası sürme";"وضع معجون اللحام";;"Fertigungstechnik";;
"1267";"79";"Séparer le tube";"Rohr trennen";"Cutting tubing";"Boru kesme";"قطع الأنابيب";;"Fertigungstechnik";;
"1323";"79";"brosse ronde et circulaire";"Rund- und Ringbürste";"Round and ring brush";"Yuvarlak ve halka fırça";"فرشاة دائرية وحلقيّة";;"Fertigungstechnik";;
"103";"80";"Allumeur";"Anzünder";"Igniter";"Ateşleyici";"مشعل";;"Fertigungstechnik";;
"243";"80";"Insert de brûleur";"Brennereinsatz";"Burner insert";"Brülör iç parçası";"حشوة الموقد";;"Fertigungstechnik";;
"245";"80";"Jeu de brûleurs";"Brennersatz";"Burner replacement";"Brülör değişimi";"استبدال الموقد";;"Fertigungstechnik";;
"636";"80";"Poignée";"Handgriff";"Handle";"Tutamak";"المقبض";;"Fertigungstechnik";;
"1392";"80";"Plaquette de coupe";"Schneideinsatz";"Cutting insert";"Kesme ucu";"قطعة قطع";;"Fertigungstechnik";;
"1457";"80";"Ecran de soudure";"Schweißschirm";"Welding shield";"Kaynak kalkanı";"واقي اللحام";;"Fertigungstechnik";;
"47";"81";"Bouteille de gaz à acétylène";"Acetylen-Gasflasche";"Acetylene gas cylinder";"Asetilen gaz tüpü";"اسطوانة غاز الأسيتيلين";;"Fertigungstechnik";;
"49";"81";"soupape à acétylène";"Acetylenventil";"Acetylene valve";"Asetilen vanası";"صمام الأسيتيلين";;"Fertigungstechnik";;
"1347";"81";"Bouteille d'oxygène";"Sauerstoff-Gasflasche";"Oxygen cylinder";"Oksijen tüpü";"اسطوانة الأكسجين";;"Fertigungstechnik";;
"536";"81";"Tuyau de gaz";"Gasschlauch";"Gas hose";"Gaz hortumu";"خرطوم الغاز";;"Fertigungstechnik";;
"1349";"81";"Soupape à oxygène";"Sauerstoffventil";"Oxygen valve";"Oksijen vanası";"صمام الأكسجين";;"Fertigungstechnik";;
"1447";"81";"chalumeau";"Schweißbrenner";"Welding torch";"Kaynak torcu";"شعلة اللحام";;"Fertigungstechnik";;
"1448";"81";"Buse de soudage";"Schweißdüse";"Welding nozzle";"Kaynak nozulu";"فوهة اللحام";;"Fertigungstechnik";;
"1720";"81";"Ecrou-raccord";"Überwurfmutter";"Union nut";"Bağlantı somunu";"صامولة الوصل";;"Fertigungstechnik";;
"311";"82";"Réducteur de pression pour acétylène";"Druckminderer für Acetylen";"Pressure regulator for acetylene";"Asetilen için basınç regülatörü";"منظم ضغط الأسيتيلين";;"Fertigungstechnik";;
"312";"82";"Réducteur de pression pour oxygène";"Druckminderer für Sauerstoff";"Oxygen regulator";"Oksijen regülatörü";"منظم الأكسجين";;"Fertigungstechnik";;
"248";"82";"Excès de gaz de combustion";"Brenngasüberschuss";"Excess fuel gas";"Fazla yakıt gazı";"الغاز الزائد";;"Fertigungstechnik";;
"1234";"82";"Filetage à droite";"Rechtsgewinde";"Right-hand thread";"Sağ dişli";"خيوط لولبية يمينية";;"Fertigungstechnik";;
"1348";"82";"Excès d'oxygène";"Sauerstoffüberschuss";"Oxygen excess";"Fazla oksijen";"فائض الأكسجين";;"Fertigungstechnik";;
"1451";"82";"Flamme de soudure";"Schweißflamme";"Welding flame";"Kaynak alevi";"لهب اللحام";;"Fertigungstechnik";;
"934";"82";"Filetage à gauche";"Linksgewinde";"Left-hand thread";"Sol dişli";"اللولب الأيسر";;"Fertigungstechnik";;
"186";"83";"Mouvement circulaire";"Bewegung, kreisförmig";"Circular motion";"Dairesel hareket";"حركة دائرية";;"Fertigungstechnik";;
"201";"83";"Tôle, épaisse";"Blech, dick";"Thick sheet metal";"Kalın sac";"صفائح معدنية سميكة";;"Fertigungstechnik";;
"202";"83";"Tôle, fine";"Blech, dünn";"Sheet metal, thin";"İnce sac";"صفائح معدنية رقيقة";;"Fertigungstechnik";;
"1061";"83";"soudage à gauche SG";"Nachlinksschweißen";"Back-to-left welding";"Soldan sağa kaynak";"لحام من الخلف إلى اليسار";;"Fertigungstechnik";;
"1062";"83";"soudage à droite SD";"Nachrechtsschweißen";"Right-hand welding";"Sağ yönlü kaynak";"اللحام الأيمن";;"Fertigungstechnik";;
"1458";"83";"baguette à souder";"Schweißstab";"Welding rod";"Kaynak çubuğu";"قضيب اللحام";;"Fertigungstechnik";;
"1143";"83";"Mouvement pendulaire";"Pendelbewegung";"Pendulum motion";"Sarkaç hareketi";"حركة البندول";;"Fertigungstechnik";;
"1455";"83";"Soudure";"Schweißnaht";"Weld";"Kaynak";"لحام";;"Fertigungstechnik";;
"1456";"83";"Oeillet à souder";"Schweißöse";"Welding eye";"Kaynak gözü";"فتحة اللحام";;"Fertigungstechnik";;
"242";"83";"Brûleur";"Brenner";"Torch";"Torç";"شعلة";;"Fertigungstechnik";;
"9";"84";"extrémité écoutée du tube";"abgeschälte Rohrende";"Peeled pipe end";"Soyulmuş boru ucu";"طرف الأنبوب المقشر";;"Fertigungstechnik";;
"128";"84";"Enfilage sur manchon chauffant";"Aufschieben auf Heizmuffe";"Sliding onto heating sleeve";"Isıtma manşonuna kaydırma";"الانزلاق على غلاف التسخين";;"Fertigungstechnik";;
"499";"84";"Assemblage des éléments de tuyauterie";"Fügen der Rohrteile";"Joining the pipe sections";"Boru kesitlerinin birleştirilmesi";"ربط أجزاء الأنابيب";;"Fertigungstechnik";;
"670";"84";"soudage des manchons par éléments chauffants";"Heizelement-Muffenschweißen";"Heating element socket welding";"Isıtma elemanı soket kaynağı";"لحام مقبس عنصر التسخين";;"Fertigungstechnik";;
"671";"84";"soudage bout à bout par élément chauffant";"Heizelement-Stumpfschweißen";"Heating element butt welding";"Isıtma elemanı alın kaynağı";"لحام التوصيل التناكبي لعنصر التسخين";;"Fertigungstechnik";;
"677";"84";"manchon chauffant";"Heizmuffe";"Heating sleeve";"Isıtma manşonu";"غلاف التسخين";;"Fertigungstechnik";;
"682";"84";"tubulure de chauffage";"Heizstutzen";"Heating nozzle";"Isıtma nozulu";"فوهة التسخين";;"Fertigungstechnik";;
"668";"84";"Mandrin chauffant";"Heizdorn";"Heating mandrel";"Isıtma mandreli";"مغزل التسخين";;"Fertigungstechnik";;
"669";"84";"Elément chauffant";"Heizelement";"Heating element";"Isıtma elemanı";"عنصر التسخين";;"Fertigungstechnik";;
"1453";"84";"Machine à souder";"Schweißmaschine";"Welding machine";"Kaynak makinesi";"آلة اللحام";;"Fertigungstechnik";;
"1542";"84";"soudage bout à bout par élément chauffant";"Spiegelschweißen";"Mirror welding";"Ayna kaynağı";"لحام المرآة";;"Fertigungstechnik";;
"1800";"84";"à la main";"von Hand";"by hand";"elle";"يدويًا";;"Fertigungstechnik";;
"453";"85";"Fixer";"fixieren";"fix";"sabitlemek";"إصلاح";;"Fertigungstechnik";;
"355";"85";"insérer";"einstecken";"insert";"takma";"إدخال";;"Fertigungstechnik";;
"357";"85";"Tracer la profondeur d'insertion";"Einstecktiefe einzeichnen";"Mark insertion depth";"Takma derinliğini işaretleyin";"تحديد عمق الإدخال";;"Fertigungstechnik";;
"1278";"85";"Nettoyage de l'extrémité du tuyau et du manchon";"Rohrende und Muffe reinigen";"Clean the pipe end and socket";"Boru ucunu ve soketi temizleyin";"تنظيف طرف الأنبوب والمقبس";;"Fertigungstechnik";;
"691";"85";"Soudage par filament chauffant";"Heizwendelschweißen";"Heated spiral welding";"Isıtmalı spiral kaynak";"اللحام الحلزوني الساخن";;"Fertigungstechnik";;
"998";"85";"pivot de matériau visible";"Materialzapfen sichtbar";"Material plug visible";"Malzeme tapası görünür";"سدادة المواد مرئية";;"Fertigungstechnik";;
"1452";"85";"Brancher le poste à souder";"Schweißgerät anschließen";"Connect the welding machine";"Kaynak makinesini bağlayın";"توصيل آلة اللحام";;"Fertigungstechnik";;
"2";"86";"Etanchéité avec de la colle";"Abdichten mit Klebstoff";"Sealing with Adhesive";"Yapıştırıcı ile Sızdırmazlık Sağlama";"الإحكام باستخدام مادة لاصقة";;"Fertigungstechnik";;
"55";"86";"Adhérence";"Adhäsion";"Adhesion";"Yapışma";"الالتصاق";;"Fertigungstechnik";;
"621";"86";"Adhérence, bonne";"Haftkraft, gut";"Adhesive strength, good";"Yapıştırıcı mukavemeti, iyi";"قوة الالتصاق، جيدة";;"Fertigungstechnik";;
"622";"86";"Adhérence, mauvaise";"Haftkraft, schlecht";"Adhesive strength, poor";"Yapışma gücü, zayıf";"قوة الالتصاق، ضعيفة";;"Fertigungstechnik";;
"796";"86";"colle, haute viscosité";"Klebstoff, hochviskos";"High-viscosity adhesive";"Yüksek viskoziteli yapıştırıcı";"مادة لاصقة عالية اللزوجة";;"Fertigungstechnik";;
"797";"86";"Colle, faible viscosité";"Klebstoff, niedrigviskos";"Adhesive, low viscosity";"Düşük viskoziteli yapıştırıcı";"مادة لاصقة منخفضة اللزوجة";;"Fertigungstechnik";;
"823";"86";"Surface de contact, grande";"Kontaktfläche, groß";"Contact area, large";"Temas alanı, geniş";"مساحة التلامس، كبيرة";;"Fertigungstechnik";;
"824";"86";"Surface de contact, petite";"Kontaktfläche, klein";"Contact area, small";"Temas alanı, küçük";"مساحة التلامس، صغيرة";;"Fertigungstechnik";;
"809";"86";"Cohésion";"Kohäsion";"Cohesion";"Kohezyon";"التماسك";;"Fertigungstechnik";;
"794";"86";"Colle";"Klebstoff";"Adhesive";"Yapıştırıcı";"المادة اللاصقة";;"Fertigungstechnik";;
"91";"87";"Presser";"Anpressen";"Pressing";"Baskı";"الضغط";;"Fertigungstechnik";;
"457";"87";"Nettoyer les surfaces";"Flächen reinigen";"Clean surfaces";"Yüzeyleri temizleyin";"تنظيف الأسطح";;"Fertigungstechnik";;
"795";"87";"Appliquer la colle";"Klebstoff auftragen";"Apply adhesive";"Yapıştırıcıyı uygulayın";"وضع المادة اللاصقة";;"Fertigungstechnik";;
"799";"87";"Retirer l'excédent de colle";"Klebstoffwulst entfernen";"Remove excess adhesive";"Fazla yapıştırıcıyı temizleyin";"إزالة المادة اللاصقة الزائدة";;"Fertigungstechnik";;
"939";"87";"Découpe de trous";"Loch schneiden";"Cut a hole";"Delik açın";"قطع فتحة";;"Fertigungstechnik";;
"1345";"87";"pièce de piquage";"Sattelstück";"Saddle piece";"Eyer parçası";"قطعة التثبيت";;"Fertigungstechnik";;
"791";"87";"Marquer la surface de collage";"Klebefläche markieren";"Mark the bonding surface";"Yapıştırma yüzeyini işaretleyin";"ضع علامة على سطح اللصق";;"Fertigungstechnik";;
"63";"88";"Sertisseuse sur batterie";"Akku-Pressmaschine";"Cordless crimping tool";"Akülü sıkma aleti";"أداة تجعيد لاسلكية";;"Fertigungstechnik";;
"1189";"88";"raccord de douille à sertir";"Presshülsenverbindung";"Press sleeve connection";"Manşon bağlantısını sıkıştırın";"اضغط على وصلة الجلبة";;"Fertigungstechnik";;
"1751";"88";"non serti";"unverpresst";"Unpressed";"Preslenmemiş";"غير مضغوط";;"Fertigungstechnik";;
"1784";"88";"Sertissage de tuyaux en cuivre";"Verpressen von Kupferrohr";"Pressing copper tubing";"Bakır borunun preslenmesi";"ضغط الأنابيب النحاسية";;"Fertigungstechnik";;
"1188";"88";"Raccords à sertir";"Pressfittings";"Press fittings";"Pres bağlantı parçaları";"تجهيزات الضغط";;"Fertigungstechnik";;
"1190";"88";"contour de sertissage";"Presskontur";"Pressing profile";"Profil presleme";"مقطع ضغط";;"Fertigungstechnik";;
"1192";"88";"Pince à sertir";"Presszange";"Pressing pliers";"Pres pensesi";"كماشة الضغط";;"Fertigungstechnik";;
"1344";"88";"Tube sanitaire";"Sanitärrohr";"Plumbing pipe";"Sıhhi tesisat borusu";"أنابيب السباكة";;"Fertigungstechnik";;
"1510";"88";"Tube solaire";"Solarrohr";"Solar pipe";"Güneş enerjisi borusu";"أنابيب الطاقة الشمسية";;"Fertigungstechnik";;
"535";"88";"Tube de gaz";"Gasrohr";"Gas pipe";"Gaz borusu";"أنابيب الغاز";;"Fertigungstechnik";;
"58";"89";"Outil d'élargissement sur batterie";"Akku-Aufweitwerkzeug";"Cordless flaring tool";"Akülü genişletme aleti";"أداة توسيع الأطراف اللاسلكية";;"Fertigungstechnik";;
"65";"89";"Outil coulissant sur batterie";"Akku-Schiebewerkzeug";"Cordless sliding tool";"Akülü kaydırmalı alet";"أداة انزلاق لاسلكية";;"Fertigungstechnik";;
"102";"89";"Domaine d'application";"Anwendungsbereich";"Application";"Uygulama";"التطبيق";;"Fertigungstechnik";;
"131";"89";"Outil d'élargissement";"Aufweitwerkzeug";"Expansion tool";"Genişletme aleti";"أداة التوسيع";;"Fertigungstechnik";;
"723";"89";"faire glisser le manchon sur le tube";"Hülse über das Rohr schieben";"Slide the sleeve over the pipe";"Manşonu borunun üzerine kaydırın";"حرك الغلاف على الأنبوب";;"Fertigungstechnik";;
"1373";"89";"Manchon coulissant";"Schiebehülse";"Sliding sleeve";"Kaydırma manşonu";"الغلاف المنزلق";;"Fertigungstechnik";;
"1376";"89";"Outil coulissant";"Schiebewerkzeug";"Sliding tool";"Kaydırma aleti";"أداة انزلاقية";;"Fertigungstechnik";;
"158";"90";"Filetage extérieur, conique";"Außengewinde, kegelig";"External thread, tapered";"Dış dişli, konik";"خيط خارجي، مدبب";;"Fertigungstechnik";;
"846";"90";"bague à griffes";"Krallring";"Clamping ring";"Sıkıştırma halkası";"حلقة تثبيت";;"Fertigungstechnik";;
"948";"90";"dissociable";"lösbar";"detachable";"çıkarılabilir";"قابلة للفصل";;"Fertigungstechnik";;
"1594";"90";"raccord enfichable";"Steckfitting";"Push-fit fitting";"Gömme bağlantı parçası";"وصلة التثبيت بالضغط";;"Fertigungstechnik";;
"1738";"90";"indissociable";"unlösbar";"non-detachable";"çıkarılamaz";"غير قابل للفصل";;"Fertigungstechnik";;
"736";"90";"Filetage intérieur, cylindrique";"Innengewinde, zylindrisch";"Internal thread, cylindrical";"İç dişli, silindirik";"الخيط الداخلي، أسطواني";;"Fertigungstechnik";;
"1125";"90";"Joint torique";"O-Ring";"O-ring";"O-halka";"حلقة O";;"Fertigungstechnik";;
"1497";"90";"Anneau à signaux, contrôle d'insertion";"Signalring, Einsteckkontrolle";"Signal ring, insertion control";"Sinyal halkası, takma kontrolü";"حلقة إشارة، تحكم في الإدخال";;"Fertigungstechnik";;
"1598";"90";"Raccord enfichable";"Steckverbindung";"Push-to-connect";"Tak-bağlan";"التوصيل بالضغط";;"Fertigungstechnik";;
"1886";"90";"Filetage Whitworth pour tubes";"Whitworth-Rohrgewinde";"Whitworth pipe thread";"Whitworth boru dişi";"خيط أنبوب ويتوورث";;"Fertigungstechnik";;
"272";"90";"Joint d'étanchéité";"Dichtring";"Sealing ring";"Sızdırmazlık halkası";"حلقة مانعة للتسرب";;"Fertigungstechnik";;
"820";"91";"à étanchéité conique";"konisch dichtend";"Tapered seal";"Konik conta";"حشية مدببة";;"Fertigungstechnik";;
"1710";"91";"raccord union";"Übergangsverschraubung";"Adapter fitting";"Adaptör bağlantı parçası";"وصلة محول";;"Fertigungstechnik";;
"1785";"91";"Raccord à vis pour tube fileté";"Verschraubung für Gewinderohr";"Fitting for threaded pipe";"Dişli boru için bağlantı parçası";"وصلة للأنابيب الملولبة";;"Fertigungstechnik";;
"803";"91";"Bague de serrage";"Klemmring";"Clamping ring";"Sıkıştırma halkası";"حلقة تثبيت";;"Fertigungstechnik";;
"804";"91";"Raccord à bague de serrage";"Klemmringverschraubung";"Clamp ring fitting";"Kelepçe halkalı bağlantı parçası";"وصلة حلقة التثبيت";;"Fertigungstechnik";;
"1398";"91";"Bague coupante";"Schneidring";"Cutting ring";"Kesme halkası";"حلقة القطع";;"Fertigungstechnik";;
"1400";"91";"Raccord à bague coupante";"Schneidringverschraubung";"Cutting ring fitting";"Kesme halkalı bağlantı parçası";"وصلة حلقة القطع";;"Fertigungstechnik";;
"98";"91";"raccord vissé";"Anschlussverschraubung";"Connection fitting";"Bağlantı bağlantı parçası";"وصلة التوصيل";;"Fertigungstechnik";;
"581";"92";"Bride filetée";"Gewindeflansch";"Threaded flange";"Dişli flanş";"شفة ملولبة";;"Fertigungstechnik";;
"1283";"92";"raccord de tube";"Rohrkupplung";"Pipe coupling";"Boru bağlantı parçası";"وصلة الأنابيب";;"Fertigungstechnik";;
"952";"92";"Bride de brasure";"Lötflansch";"Solder flange";"Lehimli flanş";"فلنجة لحام";;"Fertigungstechnik";;
"1285";"92";"Manchette de tube";"Rohrmanschette";"Pipe sleeve";"Boru manşonu";"جلبة الأنابيب";;"Fertigungstechnik";;
"1055";"92";"Ecrou";"Mutter";"Nut";"Somun";"صامولة";;"Fertigungstechnik";;
"1416";"92";"Vis";"Schraube";"Screw";"Vida";"برغي";;"Fertigungstechnik";;
"198";"93";"embout de tournevis";"Bit";"Bit";"Uç";"رأس";;"Fertigungstechnik";;
"282";"93";"Clé à fourche double";"Doppelmaulschlüssel";"Adjustable wrench";"Ayarlı anahtar";"مفتاح قابل للتعديل";;"Fertigungstechnik";;
"283";"93";"Clé à œil double";"Doppelringschlüssel";"Double ring spanner";"Çift halkalı anahtar";"مفتاح حلقي مزدوج";;"Fertigungstechnik";;
"1260";"93";"la clé mixte";"Ringmaulschlüssel";"Ring spanner";"Halka anahtarı";"مفتاح حلقي";;"Fertigungstechnik";;
"1881";"93";"Mallette d'outils pour raccords vissés";"Werkzeugkoffer für Schraubverbindungen";"Tool kit for screw connections";"Vida bağlantıları için alet seti";"مجموعة أدوات للوصلات اللولبية";;"Fertigungstechnik";;
"1417";"93";"Tournevis";"Schraubendreher";"Screwdrivers";"Tornavidalar";"مفكات";;"Fertigungstechnik";;
"1419";"93";"Embout de tournevis";"Schraubendrehereinsatz";"Screwdriver bit";"Tornavida ucu";"رأس مفك البراغي";;"Fertigungstechnik";;
"1424";"93";"Tournevis";"Schraubenzieher";"Screwdriver";"Tornavida";"مفك براغي";;"Fertigungstechnik";;
"623";"94";"Clé à crochet";"Hakenschlüssel";"Hook wrench";"Kanca anahtarı";"مفتاح خطافي";;"Fertigungstechnik";;
"767";"94";"Joint de cardan";"Kardangelenk";"Universal joint";"Mafsal";"وصلة عالمية";;"Fertigungstechnik";;
"806";"94";"Clé à cliquet";"Knarre";"Ratchet";"Cırcır anahtarı";"مفتاح السقاطة";;"Fertigungstechnik";;
"1222";"94";"Poignée transversale avec coulisseau";"Quergriff mit Gleitstück";"Cross-handle with sliding piece";"Kayan parçalı çapraz saplı anahtar";"مقبض متقاطع مع قطعة منزلقة";;"Fertigungstechnik";;
"1304";"94";"Clé à molette";"Rollgabelschlüssel";"Adjustable wrench";"Ayarlı anahtar";"مفتاح قابل للتعديل";;"Fertigungstechnik";;
"1595";"94";"Poignée enfichable avec carré";"Steckgriff mit Vierkant";"Socket handle with square drive";"Kare tabanlı soket sapı";"مقبض مقبس مع محرك مربع";;"Fertigungstechnik";;
"1597";"94";"Clé à douille";"Steckschlüssel";"Socket wrench";"Lokma anahtarı";"مفتاح ربط";;"Fertigungstechnik";;
"1781";"94";"Rallonge";"Verlängerung";"Extension";"Uzatma çubuğu";"تمديد";;"Fertigungstechnik";;
"61";"95";"Perceuse-visseuse sans fil";"Akku-Bohrschrauber";"Cordless drill/driver";"Akülü matkap/vidalama makinesi";"مثقاب/مفك لاسلكي";;"Fertigungstechnik";;
"290";"95";"Clé dynamométrique";"Drehmomentschlüssel";"Torque wrench";"Tork anahtarı";"مفتاح عزم الدوران";;"Fertigungstechnik";;
"1743";"95";"Rondelle";"Unterlegscheibe";"Washer";"Yıkayıcı";"غسالة";;"Fertigungstechnik";;
"1421";"95";"Tête de vis";"Schraubenkopf";"Screw head";"Vida başı";"رأس المسمار";;"Fertigungstechnik";;
"474";"96";"Angle de flanc";"Flankenwinkel";"Flank angle";"Yan açı";"زاوية الجانب";;"Fertigungstechnik";;
"747";"96";"Filetage ISO, métrique";"ISO-Gewinde, metrisch";"ISO thread, metric";"ISO diş, metrik";"خيط ISO، متري";;"Fertigungstechnik";;
"1068";"96";"Diamètre nominal";"Nenndurchmesser";"Nominal diameter";"Nominal çap";"القطر الاسمي";;"Fertigungstechnik";;
"1423";"96";"raccord vissé ";"Schraubenverbindung";"Screw connection";"Vida bağlantısı";"وصلة لولبية";;"Fertigungstechnik";;
"1467";"96";"Vis à tête hexagonale";"Sechskantschraube";"Hex head screw";"Altıgen başlı vida";"برغي برأس سداسي";;"Fertigungstechnik";;
"1604";"96";"Pente";"Steigung";"Pitch";"Adım";"المسافة بين اللولبات";;"Fertigungstechnik";;
"1796";"96";"Vis à tête carrée";"Vierkantschraube";"Square-head screw";"Kare başlı vida";"برغي برأس مربع";;"Fertigungstechnik";;
"1885";"96";"Filetage Whitworth";"Whitworth-Gewinde";"Whitworth thread";"Whitworth dişi";"خيط ويتوورث";;"Fertigungstechnik";;
"1960";"96";"Vis à tête cylindrique";"Zylinderschraube";"Cylinder head screw";"Silindir başlı vida";"برغي رأس أسطواني";;"Fertigungstechnik";;
"1382";"96";"rainure";"Schlitz";"Slotted";"Yivli";"مشقوق";;"Fertigungstechnik";;
"851";"97";"fente en croix";"Kreuzschlitz";"Phillips";"Phillips";"فيليبس";;"Fertigungstechnik";;
"935";"97";"vis à tête cylindrique ";"Linsensenkschraube";"Pan-head screw";"Kase başlı vida";"برغي برأس مسطح";;"Fertigungstechnik";;
"1682";"97";"tête de vis du set torx";"Torq-Set-Schraubenkopf";"Torq-Set screw head";"Torq-Set vida başı";"رأس برغي تورك-سيت";;"Fertigungstechnik";;
"727";"97";"Vis à six pans creux";"Inbusschraube";"Allen screw";"Allen vida";"برغي ألين";;"Fertigungstechnik";;
"1156";"97";"fente en croix h";"Phillips PH";"Phillips PH";"Phillips PH";"فيليبس PH";;"Fertigungstechnik";;
"1181";"97";"fente en croix Z";"Pozidriv PZ";"Pozidriv PZ";"Pozidriv PZ";"بوزيدريف PZ";;"Fertigungstechnik";;
"1477";"97";"Vis à tête fraisée";"Senkschraube";"Countersunk screw";"Havşa başlı vida";"برغي غاطس";;"Fertigungstechnik";;
"1684";"97";"Torx";"Torx";"Torx";"Torx";"توركس";;"Fertigungstechnik";;
"1704";"97";"Tête de vis tri-wings";"Tri-wings-Schraubenkopf";"Tri-wing screw head";"Üç kanatlı vida başı";"رأس المسمار ثلاثي الأجنحة";;"Fertigungstechnik";;
"1961";"97";"Vis à tête cylindrique à six pans creux";"Zylinderschraube mit Innensechskant";"Hex socket head cap screw";"Altıgen soketli başlı vida";"برغي برأس سداسي مجوف";;"Fertigungstechnik";;
"207";"98";"Vis à tôle";"Blechschraube";"Self-tapping screw";"Kendinden diş açan vida";"برغي ذاتي الثقب";;"Fertigungstechnik";;
"227";"98";"Vis de forage";"Bohrschraube";"Self-tapping screw";"Kendinden diş açan vida";"برغي ذاتي الثقب";;"Fertigungstechnik";;
"269";"98";"Vis de dilatation";"Dehnschraube";"Expansion screw";"Genişletme vidası";"برغي التمدد";;"Fertigungstechnik";;
"590";"98";"Vis sans tête";"Gewindestift";"Threaded pin";"Dişli pim";"دبوس ملولب";;"Fertigungstechnik";;
"626";"98";"Vis à tête marteau";"Hammerkopfschraube";"Hammer head screw";"Çekiç başlı vida";"برغي برأس مطرقة";;"Fertigungstechnik";;
"628";"98";"Vis à tête marteau";"Hammerschraube";"Hammer screw";"Çekiç başlı vida";"برغي مطرقي";;"Fertigungstechnik";;
"1132";"98";"vis d'ajustement ";"Passschraube";"Set screw";"Sabitleme vidası";"برغي تثبيت";;"Fertigungstechnik";;
"717";"98";"Vis à bois";"Holzschraube";"Wood screw";"Ahşap vidası";"برغي خشبي";;"Fertigungstechnik";;
"1529";"98";"vis pour panneaux d'aggloméré ";"Spanplattenschraube";"Particleboard screw";"Sunta vidası";"برغي للألواح الخشبية المضغوطة";;"Fertigungstechnik";;
"1531";"98";"vis pour panneaux d'aggloméré ";"Spax-Schraube";"Spax screw";"Spax vida";"برغي Spax";;"Fertigungstechnik";;
"1613";"98";"Vis sans tête";"Stiftschraube";"Stud screw";"Çivi vidası";"برغي الدعامات";;"Fertigungstechnik";;
"1615";"98";"vis à double filetage ";"Stockschraube";"Hanger bolt";"Askı cıvatası";"برغي تعليق";;"Fertigungstechnik";;
"439";"99";"Classe de résistance";"Festigkeitsklasse";"Strength class";"Mukavemet sınıfı";"فئة القوة";;"Fertigungstechnik";;
"724";"99";"écrou borgne";"Hutmutter";"Cap nut";"Kapak somunu";"صامولة ذات غطاء";;"Fertigungstechnik";;
"777";"99";"Encoche";"Kerbe";"Notch";"Çentik";"الشق";;"Fertigungstechnik";;
"853";"99";"Ecrou à créneaux";"Kronenmutter";"Crown nut";"Taç somun";"صامولة تاجية";;"Fertigungstechnik";;
"1095";"99";"Ecrou à encoches";"Nutmutter";"Grooved nut";"Yivli somun";"صامولة محززة";;"Fertigungstechnik";;
"1152";"99";"Flèche";"Pfeil";"Arrow";"Ok";"السهم";;"Fertigungstechnik";;
"1466";"99";"Ecrou hexagonal";"Sechskantmutter";"Hex nut";"Altıgen somun";"صامولة سداسية";;"Fertigungstechnik";;
"1953";"99";"Ecrou à deux trous";"Zweilochmutter";"Two-hole nut";"İki delikli somun";"صامولة ذات فتحتين";;"Fertigungstechnik";;
"287";"100";"Fusible à fil";"Drahtsicherung";"Wire lock";"Tel kilit";"قفل سلكي";;"Fertigungstechnik";;
"798";"100";"fixation adhésive";"Klebstoffsicherung";"Adhesive lock";"Yapışkan kilit";"قفل لاصق";;"Fertigungstechnik";;
"1056";"100";"Écrou avec pièce de serrage";"Mutter mit Klemmteil";"Nut with clamping piece";"Sıkıştırma parçalı somun";"صامولة مزودة بقطعة تثبيت";;"Fertigungstechnik";;
"1129";"100";"écrou de blocage ";"Palmutter";"Palm nut";"Avuç somunu";"صامولة كف اليد";;"Fertigungstechnik";;
"1487";"100";"tôle de sécurité ";"Sicherungsblech";"Retaining plate";"Tespit plakası";"لوحة تثبيت";;"Fertigungstechnik";;
"1540";"100";"vis à embase crantée ";"Sperrzahnschraube";"Locking screw";"Sıkma vidası";"برغي قفل";;"Fertigungstechnik";;
"827";"100";"Contre-écrou";"Kontermutter";"Lock nut";"Kilit somunu";"صامولة قفل";;"Fertigungstechnik";;
"1488";"100";"Tôle de sécurité avec ergot intérieur";"Sicherungsblech mit Innennase";"Lock plate with internal tab";"İç tırnaklı kilitleme plakası";"لوحة قفل مزودة بلسان داخلي";;"Fertigungstechnik";;
"1492";"100";"Ecrou de blocage";"Sicherungsmutter";"Lock nut";"Sıkma somunu";"صامولة التثبيت";;"Fertigungstechnik";;
"420";"101";"Rondelle éventail";"Fächerscheibe";"Fan-shaped washer";"Yelpaze şeklindeki pul";"صامولة على شكل مروحة";;"Fertigungstechnik";;
"428";"101";"Rondelle élastique";"Federring";"Spring washer";"Yaylı rondela";"صامولة زنبركية";;"Fertigungstechnik";;
"429";"101";"Rondelle élastique";"Federscheibe";"Spring washer";"Yaylı rondela";"صامولة زنبركية";;"Fertigungstechnik";;
"1057";"101";"Écrou avec insert en plastique, autobloquant";"Mutter mit Kunststoffeinsatz, selbstsichernd";"Nut with plastic insert, self-locking";"Plastik gömlekli, kendinden kilitli somun";"صامولة مزودة بملحق بلاستيكي، ذاتية القفل";;"Fertigungstechnik";;
"854";"101";"Ecrou à créneaux avec goupille fendue";"Kronenmutter mit Splint";"Crown nut with split pin";"Çatlak pimli taç somun";"صامولة تاجية مع دبوس شق";;"Fertigungstechnik";;
"1493";"101";"Paire de rondelles de sécurité";"Sicherungsscheibenpaar";"Pair of lock washers";"Kilit pulları çifti";"زوج من غسالات القفل";;"Fertigungstechnik";;
"1516";"101";"Rondelle de tension";"Spannscheibe";"Clamping washer";"Sıkıştırma rondelası";"صامولة تثبيت";;"Fertigungstechnik";;
"1549";"101";"Goupille fendue";"Splint";"Circlip";"Segman";"حلقة تثبيت";;"Fertigungstechnik";;
"1915";"101";"Rondelle dentée";"Zahnscheibe";"Toothed washer";"Dişli rondela";"صامولة مسننة";;"Fertigungstechnik";;
"460";"102";"Burin plat avec protection de la main";"Flachmeißel mit Handschutz";"Flat chisel with hand guard";"El koruyuculu düz keski";"إزميل مسطح مزود بواقي لليد";;"Fertigungstechnik";;
"337";"102";"Pince à tubes d'angle";"Eck-Rohrzange";"Corner pipe wrench";"Köşe boru anahtarı";"مفتاح أنابيب زاوية";;"Fertigungstechnik";;
"426";"102";"massette ";"Fäustel";"Mallet";"Çekiç";"مطرقة";;"Fertigungstechnik";;
"714";"102";"maillet";"Holzhammer";"Wooden mallet";"Ahşap çekiç";"مطرقة خشبية";;"Fertigungstechnik";;
"1299";"102";"Pince à tube";"Rohrzange";"Pipe wrench";"Boru anahtarı";"مفتاح أنابيب";;"Fertigungstechnik";;
"1383";"102";"Marteau de serrurier";"Schlosserhammer";"Locksmith's hammer";"Çilingir çekici";"مطرقة الأقفال";;"Fertigungstechnik";;
"1384";"102";"Marteau de serrurier avec douille de protection";"Schlosserhammer mit Schutzhülse";"Locksmith's hammer with protective sleeve";"Koruyucu kılıflı çilingir çekici";"مطرقة الأقفال مع غلاف واقي";;"Fertigungstechnik";;
"1547";"102";"Burin pointu";"Spitzmeißel";"Pointed chisel";"Sivri keski";"إزميل مدبب";;"Fertigungstechnik";;
"1855";"102";"Pince à pompe à eau";"Wasserpumpenzange";"Water pump pliers";"Su pompası pensesi";"كماشة مضخة المياه";;"Fertigungstechnik";;
"818";"102";"pince universelle ";"Kombizange";"Combination pliers";"Kombine pense";"كماشة متعددة الاستخدامات";;"Fertigungstechnik";;
"596";"103";"Plaque de plâtre";"Gipsplatte";"Gypsum board";"Alçı levha";"لوح جبسي";;"Fertigungstechnik";;
"597";"103";"Plaque de plâtre pour pièces humides";"Gipsplatte für Feuchträume";"Drywall for wet areas";"Islak alanlar için alçıpan";"لوح جبس للمناطق الرطبة";;"Fertigungstechnik";;
"598";"103";"Plaque de plâtre renforcée de fibres";"Gipsplatte, faserverstärkt";"Fiber-reinforced gypsum board";"Elyaf takviyeli alçı levha";"لوح جبسي مقوى بالألياف";;"Fertigungstechnik";;
"759";"103";"Brique silico-calcaire";"Kalksandstein";"Calcium silicate brick";"Kalsiyum silikat tuğla";"طوب سيليكات الكالسيوم";;"Fertigungstechnik";;
"945";"103";"Brique perforée";"Lochziegel";"Perforated brick";"Delikli tuğla";"الطوب المثقوب";;"Fertigungstechnik";;
"1084";"103";"Brique en béton normal";"Normalbetonstein";"Standard concrete block";"Standart beton blok";"الكتل الخرسانية القياسية";;"Fertigungstechnik";;
"1178";"103";"Brique en béton cellulaire";"Porenbetonstein";"Aerated concrete block";"Hava ile hafifletilmiş beton blok";"كتلة الخرسانة الخلوية";;"Fertigungstechnik";;
"1528";"103";"Panneau de particules";"Spanplatte";"Particleboard";"Yonga levha";"لوح خشب مضغوط";;"Fertigungstechnik";;
"1799";"103";"Brique pleine";"Vollziegel";"Solid brick";"Masif tuğla";"الطوب الصلب";;"Fertigungstechnik";;
"124";"104";"Suspension";"Aufhängung";"Mounting";"Montaj";"التثبيت";;"Fertigungstechnik";;
"315";"104";"Chevilles pour plaques de plâtre";"Dübel für Gipsplatten";"Anchors for drywall";"Alçıpan için dübeller";"مسامير تثبيت للجدران الجافة";;"Fertigungstechnik";;
"1017";"104";"Chevilles métalliques pour plaques de plâtre";"Metalldübel für Gipskarton";"Metal anchors for drywall";"Alçıpan için metal dübeller";"مثبتات معدنية للجدران الجافة";;"Fertigungstechnik";;
"1016";"104";"Chevilles métalliques";"Metalldübel";"Metal anchors";"Metal dübeller";"المثبتات المعدنية";;"Fertigungstechnik";;
"1063";"104";"Cheville à clou";"Nageldübel";"Nail anchors";"Çivi dübelleri";"مثبتات المسامير";;"Fertigungstechnik";;
"1270";"104";"Fixation de tubes comme support ";"Rohrbefestigung als Unterstützung";"Pipe fastening as support";"Destek olarak boru sabitlemesi";"تثبيت الأنابيب كدعامة";;"Fertigungstechnik";;
"1550";"104";"Cheville à expansion";"Spreizdübel";"Expansion anchors";"Genişlemeli dübeller";"مثبتات التمدد";;"Fertigungstechnik";;
"1736";"104";"Cheville universelle";"Universaldübel";"Universal anchors";"Üniversal dübeller";"المثبتات متعددة الاستخدامات";;"Fertigungstechnik";;
"1816";"104";"Fixation murale";"Wandbefestigung";"Wall fastening";"Duvar sabitlemesi";"تثبيت الجدران";;"Fertigungstechnik";;
"268";"105";"Clou de plafond";"Deckennagel";"Ceiling nails";"Tavan çivileri";"مسامير السقف";;"Fertigungstechnik";;
"427";"105";"Cheville à ressort";"Federklappdübel";"Spring-loaded anchor";"Yaylı dübel";"المثبتات الزنبركية";;"Fertigungstechnik";;
"520";"105";"Cheville pour béton cellulaire";"Gasbetondübel";"Aerated concrete anchor";"Hafif beton dübeli";"مثبتات الخرسانة الخلوية";;"Fertigungstechnik";;
"709";"105";"cheville pour matériaux creux";"Hohlraumdübel";"Cavity wall anchors";"Boşluklu duvar dübelleri";"مثبتات الجدران المجوفة";;"Fertigungstechnik";;
"1019";"105";"Chevilles métalliques pour béton cellulaire";"Metall-Gasbetondübel";"Metal aerated concrete anchor";"Metal gazbeton dübeli";"مرساة معدنية للخرسانة الخلوية";;"Fertigungstechnik";;
"785";"105";"Cheville à bascule";"Kippdübel";"Tilting anchor";"Eğilebilir dübel";"المثبت القابل للإمالة";;"Fertigungstechnik";;
"1007";"105";"Cheville en laiton";"Messingdübel";"Brass anchors";"Pirinç ankrajlar";"مراسي من النحاس الأصفر";;"Fertigungstechnik";;
"1020";"105";"Cheville pour cavités métallique";"Metall-Hohlraumdübel";"Metal cavity wall anchors";"Metal boşluklu duvar dübelleri";"مثبتات الجدران المجوفة المعدنية";;"Fertigungstechnik";;
"1177";"105";"Cheville pour béton cellulaire";"Porenbetondübel";"Aerated concrete anchors";"Hafif beton dübelleri";"مثبتات الخرسانة الخلوية";;"Fertigungstechnik";;
"1551";"105";"Cale d'écartement";"Spreizkeil";"Expansion wedge";"Genişleme takozu";"إسفين التمدد";;"Fertigungstechnik";;
"1612";"105";"Goupille";"Stift";"Pin";"Pim";"دبوس";;"Fertigungstechnik";;
"86";"106";"Boulon d'ancrage";"Ankerbolzen";"Anchor bolt";"Ankraj cıvatası";"برغي التثبيت";;"Fertigungstechnik";;
"352";"106";"Cheville d'ancrage à enfoncer";"Einschlaganker";"Hammer-in anchor";"Çakmalı dübel";"مرساة تُدق بالمطرقة";;"Fertigungstechnik";;
"589";"106";"Tige filetée";"Gewindestange";"Threaded rod";"Dişli çubuk";"قضيب ملولب";;"Fertigungstechnik";;
"600";"106";"Cartouche en verre avec mortier composite";"Glaspatrone mit Verbundmörtel";"Glass cartridge with composite mortar";"Kompozit harçlı cam kartuş";"خرطوشة زجاجية مع ملاط مركب";;"Fertigungstechnik";;
"1464";"106";"cheville d'ancrage pour charges lourdes";"Schwerlastanker";"Heavy-duty anchor";"Ağır hizmet tipi ankraj";"مرساة شديدة التحمل";;"Fertigungstechnik";;
"1958";"106";"cheville d'ancrage zyconien";"Zykonanker";"Zykon anchor";"Zykon ankraj";"مسمار تثبيت Zykon";;"Fertigungstechnik";;
"728";"106";"Ancrage à injection";"Injektionsanker";"Injection anchor";"Enjeksiyon dübeli";"مرساة حقن";;"Fertigungstechnik";;
"729";"106";"Mortier d'injection";"Injektionsmörtel";"Injection mortar";"Enjeksiyon harcı";"ملاط الحقن";;"Fertigungstechnik";;
"1233";"106";"Cheville d'ancrage de réaction";"Reaktionsanker";"Reaction anchor";"Reaksiyon ankrajı";"مرساة التفاعل";;"Fertigungstechnik";;
"1495";"106";"Douille de tamisage";"Siebhülse";"Screen sleeve";"Ekran manşonu";"غلاف شبكي";;"Fertigungstechnik";;
"1776";"106";"cheville d'ancrage de réaction";"Verbundanker";"Composite anchor";"Kompozit ankraj";"مرساة مركبة";;"Fertigungstechnik";;
"229";"107";"Profondeur de forage";"Bohrtiefe";"Drilling depth";"Delme derinliği";"عمق الحفر";;"Fertigungstechnik";;
"488";"107";"la fermeture de forme";"Formschluss";"Form fit";"Form uyumu";"التثبيت بالتشكيل";;"Fertigungstechnik";;
"844";"107";"fermeture par force";"Kraftschluss";"Friction fit";"Sürtünme geçme";"التثبيت بالاحتكاك";;"Fertigungstechnik";;
"1623";"107";"fermeture de matière ";"Stoffschluss";"Friction fit";"Sürtünme geçme";"التثبيت بالاحتكاك";;"Fertigungstechnik";;
"1096";"107";"Longueur utile";"Nutzlänge";"Effective length";"Etkili uzunluk";"الطول الفعال";;"Fertigungstechnik";;
"1769";"107";"Profondeur d'ancrage";"Verankerungstiefe";"Anchoring depth";"Sabitleme derinliği";"عمق التثبيت";;"Fertigungstechnik";;
"36";"108";"Montage à distance";"Abstandsmontage";"Spaced installation";"Aralıklı montaj";"التركيب المتباعد";;"Fertigungstechnik";;
"323";"108";"Montage traversant";"Durchsteckmontage";"Through-hole mounting";"Delik içinden montaj";"التركيب عبر الثقب";;"Fertigungstechnik";;
"1293";"108";"Collier de serrage monobloc";"Rohrschelle, einteilig";"Pipe clamp, one-piece";"Tek parça boru kelepçesi";"مشبك الأنابيب، قطعة واحدة";;"Fertigungstechnik";;
"1361";"108";"Insert d'isolation phonique ";"Schalldämmeinlage";"Sound insulation insert";"Ses yalıtım elemanı";"حشوة عازلة للصوت";;"Fertigungstechnik";;
"1810";"108";"Montage à fleur ";"Vorsteckmontage";"Pre-insertion installation";"Önceden yerleştirme montajı";"التركيب قبل الإدخال";;"Fertigungstechnik";;
"1408";"108";"Fermeture rapide";"Schnellverschluss";"Quick-release fastener";"Hızlı açılır bağlantı elemanı";"مشبك سريع الفك";;"Fertigungstechnik";;
"1517";"108";"Vis de serrage";"Spannschraube";"Tension screw";"Gergi vidası";"برغي شد";;"Fertigungstechnik";;
"874";"109";"Collier de serrage en plastique";"Kunststoffschelle";"Plastic clamp";"Plastik kelepçe";"مشبك بلاستيكي";;"Fertigungstechnik";;
"997";"109";"Collier de serrage pour tube massif";"Massivrohrschelle";"Solid pipe clamp";"Katı boru kelepçesi";"مشبك أنبوب صلب";;"Fertigungstechnik";;
"1292";"109";"Collier de serrage avec raccord à filetage multiple";"Rohrschelle mit Mehrfach-Gewindeanschluss";"Pipe clamp with multi-threaded connection";"Çok dişli bağlantılı boru kelepçesi";"مشبك أنابيب بوصلة متعددة الخيوط";;"Fertigungstechnik";;
"1294";"109";"Collier de serrage en deux parties";"Rohrschelle, zweiteilig";"Two-piece pipe clamp";"İki parçalı boru kelepçesi";"مشبك أنابيب من قطعتين";;"Fertigungstechnik";;
"1368";"109";"Collier de serrage pour tuyaux en plastique avec entretoise";"Schelle für Kunststoffrohre mit Distanzhalter";"Clamp for plastic pipes with spacer";"Ara parçalı plastik borular için kelepçe";"مشبك للأنابيب البلاستيكية مع فاصل";;"Fertigungstechnik";;
"1291";"109";"Collier de serrage avec fermeture à pression";"Rohrschelle mit Druckverschluss";"Pipe clamp with snap-on closure";"Tıklamalı kapamalı boru kelepçesi";"مشبك أنابيب بإغلاق من النوع الذي يُثبت بالضغط";;"Fertigungstechnik";;
"125";"110";"Suspension avec bande perforée";"Aufhängung mit Lochband";"Suspension with perforated strip";"Delikli şeritli askı";"تعليق بشريط مثقوب";;"Fertigungstechnik";;
"154";"110";"Console en porte-à-faux";"Auslegerkonsole";"Bracket";"Braket";"حامل";;"Fertigungstechnik";;
"353";"110";"Clou à enfoncer";"Einschlagnagel";"Drive-in nail";"Çakma çivisi";"مسمار قابل للدق";;"Fertigungstechnik";;
"511";"110";"Fixation au sol avec bande perforée";"Fußbodenbefestigung mit Lochband";"Floor mounting with perforated strip";"Delikli şeritli zemin montajı";"تركيب أرضي بشريط مثقوب";;"Fertigungstechnik";;
"1479";"110";"Fer de pose";"Setzeisen";"Shim";"Aralık parçası";"رقاقة";;"Fertigungstechnik";;
"1895";"110";"Console d´angle";"Winkelkonsole";"Angle bracket";"Açılı braket";"قوس زاوي";;"Fertigungstechnik";;
"1044";"110";"Rail de montage";"Montageschiene";"Mounting rail";"Montaj rayı";"سكة التثبيت";;"Fertigungstechnik";;
"916";"111";"Gabarits";"lehren";"Gauges";"Ölçerler";"أجهزة القياس";;"Fertigungstechnik";;
"917";"111";"enseigner";"Lehren";"Gauges";"Ölçerler";"أجهزة القياس";;"Fertigungstechnik";;
"1003";"111";"Mesurer";"messen";"measure";"ölçmek";"قياس";;"Fertigungstechnik";;
"607";"112";"Mètre pliant";"Gliedermaßstab";"Folding ruler";"Katlanır cetvel";"مسطرة قابلة للطي";;"Fertigungstechnik";;
"1301";"112";"Mètre à ruban";"Rollbandmaß";"Tape measure";"Şerit metre";"شريط القياس";;"Fertigungstechnik";;
"1572";"112";"Règle en acier";"Stahllineal";"Steel ruler";"Çelik cetvel";"مسطرة فولاذية";;"Fertigungstechnik";;
"1573";"112";"Règle en acier";"Stahlmaßstab";"Steel ruler";"Çelik cetvel";"مسطرة فولاذية";;"Fertigungstechnik";;
"1722";"112";"Mesure de distance par ultrasons";"Ultraschall-Entfernungsmessung";"Ultrasonic distance measurement";"Ultrasonik mesafe ölçümü";"قياس المسافة بالموجات فوق الصوتية";;"Fertigungstechnik";;
"1931";"112";"Mètre pliant";"Zollstock";"Folding ruler";"Katlanır cetvel";"مسطرة قابلة للطي";;"Fertigungstechnik";;
"440";"113";"Dispositif de blocage";"Feststelleinrichtung";"Locking mechanism";"Kilitleme mekanizması";"آلية قفل";;"Fertigungstechnik";;
"1004";"113";"surface de mesure";"Messfläche";"Measuring surface";"Ölçüm yüzeyi";"سطح القياس";;"Fertigungstechnik";;
"1009";"113";"Pied à coulisse";"Messschieber";"Caliper";"Kalıp";"فرجار";;"Fertigungstechnik";;
"1083";"113";"Vernier";"Nonius";"Vernier";"Vernier";"الفرنير";;"Fertigungstechnik";;
"1374";"113";"Curseur";"Schieber";"Slider";"Kaydırıcı";"مؤشر";;"Fertigungstechnik";;
"18";"114";"Exercice de lecture, vernier";"Ableseübung, Nonius";"Reading exercise, vernier";"Okuma alıştırması, vernier";"تمرين القراءة، الفيرنيير";;"Fertigungstechnik";;
"19";"114";"Valeur de lecture";"Ablesewert";"Reading";"Okuma";"القراءة";;"Fertigungstechnik";;
"160";"114";"Mesure extérieure avec le pied à coulisse";"Außenmessung mit dem Messschieber";"External measurement with the vernier caliper";"Vernier kumpas ile dış ölçüm";"القياس الخارجي باستخدام الفرجار ذي السكتة";;"Fertigungstechnik";;
"737";"114";"Mesure intérieure avec le pied à coulisse";"Innenmessung mit dem Messschieber";"Internal measurement with a vernier caliper";"Vernier kumpas ile iç ölçüm";"القياس الداخلي باستخدام الفرجار ذي الفرنير";;"Fertigungstechnik";;
"1012";"114";"Pied à coulisse, mesure de profondeur";"Messschieber, Tiefenmessung";"Caliper, depth measurement";"Kalıp, derinlik ölçümü";"الفرجار، قياس العمق";;"Fertigungstechnik";;
"1010";"114";"Pied à coulisse avec affichage numérique";"Messschieber mit Digitalanzeige";"Vernier caliper with digital display";"Dijital ekranlı vernier kumpası";"فرنير مزود بشاشة رقمية";;"Fertigungstechnik";;
"1011";"114";"Pied à coulisse avec échelle circulaire et aiguille";"Messschieber mit Rundskala und Zeiger";"Vernier caliper with circular scale and pointer";"Dairesel ölçekli ve ibreli vernier kumpas";"فرجار فيرنييه بمقياس دائري ومؤشر";;"Fertigungstechnik";;
"786";"115";"erreur de basculement";"Kippfehler";"Tilt error";"Eğim hatası";"خطأ الميل";;"Fertigungstechnik";;
"995";"115";"Température de référence";"Maßbezugstemperatur";"Reference temperature";"Referans sıcaklık";"درجة الحرارة المرجعية";;"Fertigungstechnik";;
"1008";"115";"Force de mesure";"Messkraft";"Measuring force";"Ölçüm kuvveti";"قوة القياس";;"Fertigungstechnik";;
"1013";"115";"Température du pied à coulisse : 20 °C";"Messschiebertemperatur: 20℃";"Caliper temperature: 20°C";"Kalıp sıcaklığı: 20°C";"درجة حرارة الفرجار: 20 درجة مئوية";;"Fertigungstechnik";;
"1130";"115";"Parallaxe";"Parallaxe";"Parallax";"Paralaks";"المنظر";;"Fertigungstechnik";;
"1880";"115";"Température de la pièce";"Werkstücktemperatur";"Workpiece temperature";"İş parçası sıcaklığı";"درجة حرارة قطعة العمل";;"Fertigungstechnik";;
"739";"116";"Bouton poussoir intérieur";"Innentaster";"Internal probe";"Dahili prob";"المسبار الداخلي";;"Fertigungstechnik";;
"1897";"116";"Rapporteur d'angle avec affichage numérique";"Winkelmesser mit digitaler Anzeige";"Protractor with digital display";"Dijital ekranlı açıölçer";"منقلة بزاوية مع شاشة رقمية";;"Fertigungstechnik";;
"1478";"116";"Kit de boutons-poussoirs";"Set Taster";"Probe set";"Prob seti";"مجموعة مجسات";;"Fertigungstechnik";;
"1898";"116";"Rapporteur d´angle simple";"Winkelmesser, einfach";"Angle gauge, simple";"Basit açı ölçer";"مقياس الزاوية، بسيط";;"Fertigungstechnik";;
"92";"117";"Angle de butée";"Anschlagwinkel";"Stop angle";"Durdurma açısı";"زاوية التوقف";;"Fertigungstechnik";;
"756";"117";"Mandrin de calibrage";"Kalibrierdorn";"Calibration mandrel";"Kalibrasyon mandreli";"مغزل المعايرة";;"Fertigungstechnik";;
"758";"117";"Bague de calibrage";"Kalibrierring";"Calibration ring";"Kalibrasyon halkası";"حلقة المعايرة";;"Fertigungstechnik";;
"468";"117";"gabarit d´angle 90";"Flachwinkel";"Flat angle";"Düz açı";"زاوية مسطحة";;"Fertigungstechnik";;
"1369";"117";"Patte";"Schenkel";"Leg";"Ayak";"الساق";;"Fertigungstechnik";;
"1896";"117";"gabarit d´angle 90";"Winkellehre 90°";"90° angle gauge";"90° açı ölçer";"مقياس الزاوية 90°";;"Fertigungstechnik";;
"550";"118";"Niveau à bulle à pente intégrée";"Gefällewasserwaage";"Slope level";"Eğim seviyesi";"مستوى المنحدر";;"Fertigungstechnik";;
"1381";"118";"Niveau à bulle tubulaire";"Schlauchwasserwaage";"Hose level";"Hortum seviyesi";"مستوى الخرطوم";;"Fertigungstechnik";;
"909";"118";"Laser";"Laser";"Laser";"Lazer";"الليزر";;"Fertigungstechnik";;
"932";"118";"Niveau à bulle";"Libelle";"Spirit level";"Su terazisi";"مستوى الكحول";;"Fertigungstechnik";;
"1861";"118";"Niveau à bulle";"Wasserwaage";"Spirit level";"Su terazisi";"مستوى الروح";;"Fertigungstechnik";;
"1657";"119";"Thermomètre";"Temperaturmessgerät";"Thermometer";"Termometre";"مقياس الحرارة";;"Fertigungstechnik";;
"966";"119";"Manomètre";"Luftdruckmessgerät";"Air pressure gauge";"Hava basınç göstergesi";"مقياس ضغط الهواء";;"Fertigungstechnik";;
"991";"119";"Manomètre";"Manometer";"Pressure gauge";"Basınç göstergesi";"مقياس الضغط";;"Fertigungstechnik";;
"1663";"119";"Thermomètre";"Thermometer";"Thermometer";"Termometre";"مقياس الحرارة";;"Fertigungstechnik";;
"270";"125";"Étanchéité";"Dichte";"Density";"Yoğunluk";"الكثافة";;"Werkstofftechnik";;
"370";"125";"Elasticité";"Elastizität";"Elasticity";"Elastikiyet";"المرونة";;"Werkstofftechnik";;
"595";"125";"Toxicité";"Giftigkeit";"Toxicity";"Toksisite";"السمية";;"Werkstofftechnik";;
"171";"125";"Charge";"Belastung";"Load";"Yük";"الحمل";;"Werkstofftechnik";;
"1801";"125";"avant la charge";"vor Belastung";"Before loading";"Yükleme öncesi";"قبل التحميل";;"Werkstofftechnik";;
"1875";"125";"Matériau acier";"Werkstoff Stahl";"Material: Steel";"Malzeme: Çelik";"المادة: الفولاذ";;"Werkstofftechnik";;
"1159";"125";"Plasticité";"Plastizität";"Plasticity";"Plastisite";"الليونة";;"Werkstofftechnik";;
"1832";"125";"Dilatation thermique";"Wärmeausdehnung";"Thermal expansion";"Termal genleşme";"التمدد الحراري";;"Werkstofftechnik";;
"593";"126";"Coulabilité";"Gießbarkeit";"Castability";"Dökülebilirlik";"قابلية الصب";;"Werkstofftechnik";;
"647";"126";"Dureté";"Härte";"Hardness";"Sertlik";"الصلابة";;"Werkstofftechnik";;
"835";"126";"Résistance à la corrosion";"Korrosionsbeständigkeit";"Corrosion resistance";"Korozyon direnci";"مقاومة التآكل";;"Werkstofftechnik";;
"1726";"126";"Formabilité";"Umformbarkeit";"Formability";"Şekillendirilebilirlik";"قابلية التشكيل";;"Werkstofftechnik";;
"1834";"126";"Conductivité thermique";"Wärmeleitfähigkeit";"Thermal conductivity";"Isıl iletkenlik";"الموصلية الحرارية";;"Werkstofftechnik";;
"1921";"126";"Usinabilité";"Zerspanbarkeit";"Machinability";"İşlenebilirlik";"قابلية التشغيل الآلي";;"Werkstofftechnik";;
"1937";"126";"Résistance à la traction";"Zugfestigkeit";"Tensile strength";"Çekme mukavemeti";"قوة الشد";;"Werkstofftechnik";;
"438";"127";"Solide";"fest";"solid";"katı";"صلب";;"Werkstofftechnik";;
"483";"127";"Liquide";"flüssig";"liquid";"sıvı";"سائل";;"Werkstofftechnik";;
"528";"127";"Gazeux";"gasförmig";"gaseous";"gaz";"غازي";;"Werkstofftechnik";;
"195";"127";"Forces de liaison, faibles";"Bindungskräfte, gering";"Bonding forces, low";"Bağlanma kuvvetleri, düşük";"قوى الترابط، منخفضة";;"Werkstofftechnik";;
"196";"127";"Forces de liaison, élevées";"Bindungskräfte, groß";"Bonding forces, high";"Bağlanma kuvvetleri, yüksek";"قوى الترابط، عالية";;"Werkstofftechnik";;
"1040";"127";"Grille moléculaire";"Molekülgitter";"Molecular lattice";"Moleküler kafes";"شبكة جزيئية";;"Werkstofftechnik";;
"1014";"127";"Métal";"Metall";"Metal";"Metal";"معدني";;"Werkstofftechnik";;
"1036";"127";"Mouvement moléculaire, libre";"Molekülbewegung, frei";"Molecular motion, free";"Serbest moleküler hareket";"الحركة الجزيئية، الحرة";;"Werkstofftechnik";;
"1851";"127";"Eau";"Wasser";"Water";"Su";"الماء";;"Werkstofftechnik";;
"27";"128";"Cisaillement";"Abscherung";"Shear";"Kesme";"القص";;"Werkstofftechnik";;
"304";"128";"Pression";"Druck";"Compression";"Sıkıştırma";"الضغط";;"Werkstofftechnik";;
"194";"128";"Courbure";"Biegung";"Bending";"Eğilme";"الانحناء";;"Werkstofftechnik";;
"807";"128";"Flambage";"Knickung";"Buckling";"Burkulma";"الانحناء";;"Werkstofftechnik";;
"1426";"128";"Poussée";"Schub";"Shear";"Kesme";"القص";;"Werkstofftechnik";;
"1683";"128";"Torsion";"Torsion";"Torsion";"Burulma";"الالتواء";;"Werkstofftechnik";;
"1778";"128";"Torsion";"Verdrehung";"Twisting";"Bükülme";"الالتواء";;"Werkstofftechnik";;
"1936";"128";"Traction";"Zug";"Tension";"Gerilim";"الشد";;"Werkstofftechnik";;
"169";"129";"Acier de construction général";"Baustahl, allgemein";"Reinforcing steel, general";"Beton takviye çeliği, genel";"حديد التسليح، عام";;"Werkstofftechnik";;
"180";"129";"Treillis d'armature";"Betonstahlmatte";"Reinforcing steel mesh";"Beton takviye çelik hasır";"شبكة حديد التسليح";;"Werkstofftechnik";;
"351";"129";"Acier de cémentation";"Einsatzstahl";"Case-hardened steel";"Sertleştirilmiş çelik";"الفولاذ المقوى سطحياً";;"Werkstofftechnik";;
"692";"129";"Caractéristique de fabrication";"Herstellungsmerkmal";"Manufacturing characteristic";"Üretim özelliği";"خصائص التصنيع";;"Werkstofftechnik";;
"812";"129";"Teneur en carbone";"Kohlenstoffgehalt";"Carbon content";"Karbon içeriği";"محتوى الكربون";;"Werkstofftechnik";;
"915";"129";"Composant d'alliage";"Legierungsbestandteil";"Alloying element";"Alaşım elemanı";"عنصر السبائك";;"Werkstofftechnik";;
"1059";"129";"Traitement ultérieur";"Nachbehandlung";"Post-treatment";"Son işlem";"المعالجة اللاحقة";;"Werkstofftechnik";;
"1914";"129";"Roue dentée";"Zahnrad";"Gear";"Dişli";"التروس";;"Werkstofftechnik";;
"162";"130";"Acier de décolletage";"Automatenstahl";"Free-cutting steel";"Kolay kesim çeliği";"فولاذ سهل القطع";;"Werkstofftechnik";;
"430";"130";"Acier à ressort";"Federstahl";"Spring steel";"Yay çeliği";"فولاذ الزنبرك";;"Werkstofftechnik";;
"1780";"130";"Acier de traitement";"Vergütungsstahl";"Quenched and tempered steel";"Söndürülmüş ve temperlenmiş çelik";"الفولاذ المُصلب والمُخفف";;"Werkstofftechnik";;
"900";"130";"Vilebrequin";"Kurbelwelle";"Crankshaft";"Krank mili";"العمود المرفقي";;"Werkstofftechnik";;
"1081";"130";"Acier de nitruration";"Nitrierstahl";"Nitriding steel";"Nitrürlenmiş çelik";"الفولاذ المُعالج بالنتريد";;"Werkstofftechnik";;
"1082";"130";"Arbre à cames";"Nockenwelle";"Camshaft";"Eksantrik mili";"عمود الكامات";;"Werkstofftechnik";;
"1420";"130";"Ressort hélicoïdal";"Schraubenfeder";"Coil spring";"Sarmal yay";"الزنبرك اللولبي";;"Werkstofftechnik";;
"1872";"130";"Arbre";"Welle";"Shaft";"Mil";"عمود";;"Werkstofftechnik";;
"625";"131";"Tête de marteau";"Hammerkopf";"Hammer head";"Çekiç başı";"رأس المطرقة";;"Werkstofftechnik";;
"761";"131";"Acier pour travail à froid";"Kaltarbeitsstahl";"Cold-work steel";"Soğuk işleme çeliği";"الفولاذ المخصص للأعمال الباردة";;"Werkstofftechnik";;
"492";"131";"Fraiseuse";"Fräser";"Milling cutter";"Freze bıçağı";"قاطع طحن";;"Werkstofftechnik";;
"719";"131";"acier rapide";"HSS";"HSS";"HSS";"HSS";;"Werkstofftechnik";;
"1882";"131";"Acier à outils, fortement allié";"Werkzeugstahl, hochlegiert";"High-alloy tool steel";"Yüksek alaşımlı takım çeliği";"فولاذ أدوات عالي السبائك";;"Werkstofftechnik";;
"1884";"131";"Acier à outils, non allié";"Werkzeugstahl, unlegiert";"Tool steel, unalloyed";"Alaşimsiz takım çeliği";"فولاذ أدوات غير مصلب";;"Werkstofftechnik";;
"1022";"131";"Lame de scie à métaux";"Metallsägeblatt";"Metal saw blade";"Metal testere bıçağı";"شفرة منشار معدنية";;"Werkstofftechnik";;
"1080";"131";"Acier inoxydable hautement allié";"Nirosta";"Stainless steel";"Paslanmaz çelik";"الفولاذ المقاوم للصدأ";;"Werkstofftechnik";;
"1404";"131";"Acier rapide";"Schnellarbeitsstahl";"High-speed steel";"Yüksek hız çeliği";"الفولاذ عالي السرعة";;"Werkstofftechnik";;
"1565";"131";"Acier inoxydable hautement allié";"Stahl, hochlegiert nichtrostend";"High-alloy stainless steel";"Yüksek alaşımlı paslanmaz çelik";"الفولاذ المقاوم للصدأ عالي السبائك";;"Werkstofftechnik";;
"1702";"131";"Tube d'eau potable";"Trinkwasserrohr";"Drinking water pipe";"İçme suyu borusu";"أنابيب مياه الشرب";;"Werkstofftechnik";;
"1830";"131";"Acier pour travail à chaud";"Warmarbeitsstahl";"Hot-work steel";"Sıcak işleme çeliği";"الفولاذ المخصص للأعمال الساخنة";;"Werkstofftechnik";;
"1883";"131";"Acier à outils faiblement allié";"Werkzeugstahl, niedriglegiert";"Tool steel, low-alloy";"Takım çeliği, düşük alaşımlı";"فولاذ الأدوات، منخفض السبائك";;"Werkstofftechnik";;
"101";"132";"Moyeu d'entraînement";"Antriebsnabe";"Drive hub";"Tahrik göbeği";"محور الدفع";;"Werkstofftechnik";;
"452";"132";"Raccord";"Fitting";"Fitting";"Bağlantı parçası";"الوصلات";;"Werkstofftechnik";;
"582";"132";"Adaptateur fileté";"Gewindepassstück";"Threaded adapter";"Dişli adaptör";"محول ملولب";;"Werkstofftechnik";;
"608";"132";"Fonte grise";"Grauguss";"Grey cast iron";"Gri dökme demir";"الحديد الزهر الرمادي";;"Werkstofftechnik";;
"618";"132";"Tuyau en fonte";"Gussrohr";"Cast pipe";"Döküm boru";"أنابيب مصبوبة";;"Werkstofftechnik";;
"615";"132";"Fonte à graphite lamellaire";"Gusseisen mit Lamellengrafit";"Ductile iron";"Sfero döküm";"حديد مطيل";;"Werkstofftechnik";;
"905";"132";"Graphite lamellaire";"Lamellengrafit";"Lamellar graphite";"Lameller grafit";"الجرافيت الرقائقي";;"Werkstofftechnik";;
"990";"132";"Cône de broyage";"Mahlkegel";"Grinding cone";"Öğütme konisi";"مخروط طحن";;"Werkstofftechnik";;
"1571";"132";"Acier moulé";"Stahlguss";"Cast steel";"Dökme çelik";"الفولاذ المصبوب";;"Werkstofftechnik";;
"1661";"132";"Fonte malléable";"Temperguss";"Ductile iron";"Sfero döküm";"الحديد المطاوع";;"Werkstofftechnik";;
"1706";"132";"Roue de turbine";"Turbinenrad";"Turbine wheel";"Türbin çarkı";"عجلة التوربين";;"Werkstofftechnik";;
"1204";"132";"Boitier de pompe";"Pumpengehäuse";"Pump housing";"Pompa gövdesi";"غلاف المضخة";;"Werkstofftechnik";;
"73";"133";"Alliage d'aluminium corroyé";"Aluminiumknetlegierung";"Wrought aluminum alloy";"Dövme alüminyum alaşımı";"سبائك الألومنيوم المطروقة";;"Werkstofftechnik";;
"79";"133";"Tube en aluminium";"Aluminiumrohr";"Aluminum tube";"Alüminyum boru";"أنبوب من الألومنيوم";;"Werkstofftechnik";;
"614";"133";"Fonte à graphite sphéroïdal";"Gusseisen mit Kugelgrafit";"Ductile iron";"Sfero döküm";"الحديد المطاوع";;"Werkstofftechnik";;
"857";"133";"Graphite spéroidal";"Kugelgrafit";"Spheroidal graphite";"Sferoidal grafit";"الجرافيت الكروي";;"Werkstofftechnik";;
"858";"133";"Fonte à graphite sphéroïdal";"Kugelgrafitguss";"Spheroidal graphite cast iron";"Sfero grafitli dökme demir";"حديد مصبوب بالجرافيت الكروي";;"Werkstofftechnik";;
"78";"133";"Profilé en aluminium";"Aluminiumprofil";"Aluminum profile";"Alüminyum profil";"مقاطع الألومنيوم";;"Werkstofftechnik";;
"69";"133";"Aluminium";"Aluminium";"Aluminum";"Alüminyum";"الألومنيوم";;"Werkstofftechnik";;
"1115";"133";"Pompe à huile";"Ölpumpe";"Oil pump";"Yağ pompası";"مضخة الزيت";;"Werkstofftechnik";;
"71";"134";"Revêtement en aluminium";"Aluminiumbeschichtung";"Aluminum coating";"Alüminyum kaplama";"طلاء الألومنيوم";;"Werkstofftechnik";;
"75";"134";"Alliage de fonderie aluminium-magnésium";"Aluminium-Magnesium-Gusslegierung";"Aluminum-magnesium casting alloy";"Alüminyum-magnezyum döküm alaşımı";"سبائك صب الألومنيوم والمغنيسيوم";;"Werkstofftechnik";;
"80";"134";"Alliage de fonderie aluminium-silicium";"Aluminium-Silizium-Gusslegierung";"Aluminum-silicon casting alloy";"Alüminyum-silikon döküm alaşımı";"سبائك صب الألومنيوم والسيليكون";;"Werkstofftechnik";;
"552";"134";"Boîtier";"Gehäuse";"Housing";"Gövde";"الهيكل";;"Werkstofftechnik";;
"842";"134";"Jante de véhicule à moteur";"Kraftfahrzeugfelge";"Automotive wheel";"Otomotiv jantı";"عجلة سيارة";;"Werkstofftechnik";;
"843";"134";"Bloc moteur de véhicule automobile";"Kraftfahrzeugmotorblock";"Automotive engine block";"Otomotiv motor bloğu";"كتلة محرك السيارة";;"Werkstofftechnik";;
"983";"134";"Magnésium";"Magnesium";"Magnesium";"Magnezyum";"المغنيسيوم";;"Werkstofftechnik";;
"984";"134";"Alliage de magnésium coulé";"Magnesiumgusslegierung";"Magnesium casting alloy";"Magnezyum döküm alaşımı";"سبائك المغنيسيوم المصبوبة";;"Werkstofftechnik";;
"1124";"134";"Anode sacrificielle dans le réservoir d'eau chaude";"Opferanode im Warmwasserspeicher";"Sacrificial anode in a hot water tank";"Sıcak su tankındaki kurban anot";"الأنود القرباني في خزان الماء الساخن";;"Werkstofftechnik";;
"76";"134";"Oxyde d'aluminium";"Aluminiumoxid";"Aluminum oxide";"Alüminyum oksit";"أكسيد الألومنيوم";;"Werkstofftechnik";;
"480";"135";"Pièce d'avion";"Flugzeugteil";"Aircraft part";"Uçak parçası";"أجزاء الطائرات";;"Werkstofftechnik";;
"721";"135";"Forêt en acier HSS";"HSS-Stahlbohrer";"HSS steel drill bit";"HSS çelik matkap ucu";"رأس مثقاب من الفولاذ عالي السرعة (HSS)";;"Werkstofftechnik";;
"1238";"135";"Tuyau de descente d´eau pluviale";"Regenfallrohr";"Rainwater downspout";"Yağmur suyu iniş borusu";"أنبوب تصريف مياه الأمطار";;"Werkstofftechnik";;
"1674";"135";"Titane";"Titan";"Titanium";"Titanyum";"التيتانيوم";;"Werkstofftechnik";;
"1675";"135";"Revêtement en titane";"Titanbeschichtung";"Titanium coating";"Titanyum kaplama";"طلاء التيتانيوم";;"Werkstofftechnik";;
"1676";"135";"Alliage de titane";"Titanlegierung";"Titanium alloy";"Titanyum alaşımı";"سبائك التيتانيوم";;"Werkstofftechnik";;
"1677";"135";"Nitrure de titane";"Titannitrid";"Titanium nitride";"Titanyum nitrür";"نيتريد التيتانيوم";;"Werkstofftechnik";;
"1678";"135";"Zinc-titane";"Titanzink";"Titanium-zinc";"Titanyum-çinko";"التيتانيوم والزنك";;"Werkstofftechnik";;
"733";"136";"Etamé à l'intérieur";"innen verzinnt";"tinned on the inside";"iç kısmı kalaylanmış";"مطلي بالقصدير من الداخل";;"Werkstofftechnik";;
"1928";"136";"Soudure à l'étain";"Zinnlot";"Tin solder";"Kalay lehim";"لحام القصدير";;"Werkstofftechnik";;
"887";"136";"adaptateur en cuivre";"Kupferpassstück";"Copper fitting";"Bakır bağlantı parçası";"وصلة نحاسية";;"Werkstofftechnik";;
"1870";"136";"Fer blanc";"Weißblech";"Tinplate";"Kalaylı sac";"صفيح مطلي بالقصدير";;"Werkstofftechnik";;
"1927";"136";"Étain";"Zinn";"Tin";"Kalay";"القصدير";;"Werkstofftechnik";;
"1929";"136";"Revêtement d'étain";"Zinnüberzug";"Tin coating";"Kalay kaplama";"طلاء القصدير";;"Werkstofftechnik";;
"880";"136";"Tôle de cuivre";"Kupferblech";"Copper sheet";"Bakır levha";"صفائح نحاسية";;"Werkstofftechnik";;
"108";"137";"Boîtier de robinetterie";"Armaturengehäuse";"Fitting housing";"Bağlantı parçası gövdesi";"غلاف الوصلة";;"Werkstofftechnik";;
"253";"137";"Bronze";"Bronze";"Bronze";"Bronz";"برونز";;"Werkstofftechnik";;
"883";"137";"Alliage de cuivre coulé";"Kupfer-Gusslegierung";"Cast copper alloy";"Döküm bakır alaşımı";"سبائك النحاس المصبوبة";;"Werkstofftechnik";;
"884";"137";"Alliage de cuivre corroyé";"Kupfer-Knetlegierung";"Wrought copper alloy";"Dövme bakır alaşımı";"سبائك النحاس المطروقة";;"Werkstofftechnik";;
"897";"137";"Alliage cuivre-étain";"Kupfer-Zinnlegierung";"Copper-tin alloy";"Bakır-kalay alaşımı";"سبائك النحاس والقصدير";;"Werkstofftechnik";;
"606";"138";"Coussinet de palier lisse";"Gleitlagerbuchse";"Sleeve bearing";"Kovanlı yatak";"محمل جلبة";;"Werkstofftechnik";;
"896";"138";"Alliage cuivre-zinc";"Kupfer-Zinklegierung";"Copper-zinc alloy";"Bakır-çinko alaşımı";"سبائك النحاس والزنك";;"Werkstofftechnik";;
"898";"138";"Alliage cuivre-étain-zinc";"Kupfer-Zinn-Zink-Legierung";"Copper-tin-zinc alloy";"Bakır-kalay-çinko alaşımı";"سبائك النحاس والقصدير والزنك";;"Werkstofftechnik";;
"1306";"138";"Alliage cuivre-étain-zinc";"Rotguss";"Red brass";"Kırmızı pirinç";"النحاس الأحمر";;"Werkstofftechnik";;
"1923";"138";"Bain de zinc";"Zinkbad";"Zinc bath";"Çinko banyosu";"حمام الزنك";;"Werkstofftechnik";;
"1922";"138";"Zinc";"Zink";"Zinc";"Çinko";"الزنك";;"Werkstofftechnik";;
"1006";"138";"Laiton";"Messing";"Brass";"Pirinç";"النحاس الأصفر";;"Werkstofftechnik";;
"1566";"138";"Acier galvanisé";"Stahl,verzinkt";"Galvanized steel";"Galvanizli çelik";"الفولاذ المجلفن";;"Werkstofftechnik";;
"1415";"138";"Vanne à siège incliné";"Schrägsitzventil";"Angle seat valve";"Açılı koltuk valfi";"صمام زاوية";;"Werkstofftechnik";;
"208";"139";"Plomb";"Blei";"Lead";"Kurşun";"الرصاص";;"Werkstofftechnik";;
"209";"139";"Alliage de plomb";"Bleilegierung";"Lead alloy";"Kurşun alaşımı";"سبائك الرصاص";;"Werkstofftechnik";;
"256";"139";"Chrome";"Chrom";"Chrome";"Krom";"الكروم";;"Werkstofftechnik";;
"152";"139";"Robinetterie de sortie";"Auslaufarmatur";"Discharge fitting";"Tahliye bağlantı parçası";"وصلة التفريغ";;"Werkstofftechnik";;
"1690";"139";"Conteneur de transport";"Transportbehälter";"Transport container";"Taşıma kabı";"حاوية نقل";;"Werkstofftechnik";;
"1679";"139";"Tôle de zinc-titane";"Titanzinkblech";"Titanium-zinc sheet";"Titanyum-çinko levha";"صفائح التيتانيوم والزنك";;"Werkstofftechnik";;
"1214";"140";"PVC-U";"PVC-U";"PVC-U";"PVC-U";"PVC-U";;"Werkstofftechnik";;
"1215";"140";"Tuyau en PVC-U";"PVC-U-Rohr";"PVC-U pipe";"PVC-U boru";"أنابيب PVC-U";;"Werkstofftechnik";;
"1829";"140";"Déformable à chaud";"warm umformbar";"Hot-formable";"Sıcak şekillendirilebilir";"قابل للتشكيل بالحرارة";;"Werkstofftechnik";;
"1038";"140";"Filament moléculaire, non réticulé";"Molekülfaden, unvernetzt";"Molecular filament, uncrosslinked";"Moleküler filament, çapraz bağlanmamış";"خيوط جزيئية، غير متشابكة";;"Werkstofftechnik";;
"1174";"140";"Chaudière à granulés";"Polyvinylchlorid, weichmacherfrei";"Polyvinyl chloride, plasticizer-free";"Polivinil klorür, plastikleştirici içermez";"كلوريد البولي فينيل، خالٍ من الملدنات";;"Werkstofftechnik";;
"1664";"140";"Thermoplastique";"Thermoplast";"Thermoplastic";"Termoplastik";"لدائن حراري";;"Werkstofftechnik";;
"274";"141";"Joint d'étanchéité";"Dichtung";"Seal";"Conta";"السدادة";;"Werkstofftechnik";;
"1173";"141";"Chlorure de polyvinyle, surchloré";"Polyvinylchlorid, nachchloriert";"Polyvinyl chloride, post-chlorinated";"Polivinil klorür, sonradan klorlanmış";"كلوريد البولي فينيل، معالج بالكلور لاحقًا";;"Werkstofftechnik";;
"1175";"141";"Chlorure de polyvinyle, plastifié";"Polyvinylchlorid, weichmacherhaltig";"Polyvinyl chloride, plasticizer-containing";"Polivinil klorür, plastikleştirici içeren";"كلوريد البولي فينيل، يحتوي على ملدنات";;"Werkstofftechnik";;
"1210";"141";"PVC-C";"PVC-C";"PVC-C";"PVC-C";"PVC-C";;"Werkstofftechnik";;
"1212";"141";"PVC-P";"PVC-P";"PVC-P";"PVC-P";"PVC-P";;"Werkstofftechnik";;
"1139";"141";"PE-LD";"PE-LD";"PE-LD";"PE-LD";"PE-LD";;"Werkstofftechnik";;
"1140";"141";"Ruban de protection PE-LD pour conduites de gaz";"PE-LD-Schutzband für Gasleitungen";"PE-LD protective tape for gas lines";"Gaz hatları için PE-LD koruyucu bant";"شريط PE-LD الواقي لخطوط الغاز";;"Werkstofftechnik";;
"1167";"141";"Polyéthylène basse densité";"Polyethylen niederer Dichte";"Low-density polyethylene";"Düşük yoğunluklu polietilen";"البولي إيثيلين منخفض الكثافة";;"Werkstofftechnik";;
"1211";"141";"Tube en C en PVC";"PVC-C-Rohr";"PVC-C pipe";"PVC-C boru";"أنابيب PVC-C";;"Werkstofftechnik";;
"1147";"142";"Polyéthylène à poids moléculaire ultra-élevé";"PE-UHMW";"PE-UHMW";"PE-UHMW";"PE-UHMW";;"Werkstofftechnik";;
"914";"142";"Roue d'une pompe de circulation";"Laufrad einer Umwälzpumpe";"Impeller of a circulation pump";"Sirkülasyon pompasının pervanesi";"دوار مضخة الدوران";;"Werkstofftechnik";;
"1136";"142";"PE-HD";"PE-HD";"PE-HD";"PE-HD";"PE-HD";;"Werkstofftechnik";;
"1137";"142";"Tuyau d'évacuation en PE-HD";"PE-HD-Abflussrohr";"PE-HD drain pipe";"PE-HD drenaj borusu";"أنبوب تصريف من البولي إيثيلين عالي الكثافة (PE-HD)";;"Werkstofftechnik";;
"1148";"142";"PE-X";"PE-X";"PE-X";"PE-X";"PE-X";;"Werkstofftechnik";;
"1149";"142";"Tube de chauffage par le sol PE-Xa";"PE-Xa-Fußbodenheizungsrohr";"PE-Xa underfloor heating pipe";"PE-Xa yerden ısıtma borusu";"أنبوب التدفئة الأرضية PE-Xa";;"Werkstofftechnik";;
"1166";"142";"Polyéthylène haute densité";"Polyethylen hoher Dichte";"High-density polyethylene";"Yüksek yoğunluklu polietilen";"البولي إيثيلين عالي الكثافة";;"Werkstofftechnik";;
"1168";"142";"Polyéthylène à poids moléculaire ultra-élevé";"Polyethylen, ultrahochmolekular";"Ultra-high molecular weight polyethylene";"Ultra yüksek moleküler ağırlıklı polietilen";"البولي إيثيلين ذو الوزن الجزيئي الفائق";;"Werkstofftechnik";;
"1169";"142";"Polyéthylène réticulé";"Polyethylen, vernetzt";"Cross-linked polyethylene";"Çapraz bağlı polietilen";"البولي إيثيلين المتشابك";;"Werkstofftechnik";;
"1441";"142";"Tube de protection";"Schutzrohr";"Protective pipe";"Koruyucu boru";"أنبوب واقي";;"Werkstofftechnik";;
"23";"143";"ABS";"ABS";"ABS";"ABS";"ABS";;"Werkstofftechnik";;
"24";"143";"Tuyau d'évacuation en ABS";"ABS-Abwasserrohr";"ABS sewer pipe";"ABS kanalizasyon borusu";"أنابيب الصرف الصحي من مادة ABS";;"Werkstofftechnik";;
"54";"143";"Acrylonitrile-butadiène-styrène";"Acrylnitril-Butadien-Styrol";"Acrylonitrile butadiene styrene";"Akrilonitril-bütadien-stiren";"الأكريلونيتريل بوتادين ستايرين";;"Werkstofftechnik";;
"1182";"143";"PP";"PP";"PP";"PP";"PP";;"Werkstofftechnik";;
"1133";"143";"PB";"PB";"PB";"PB";"PB";;"Werkstofftechnik";;
"1134";"143";"Tuyau de chauffage en PB";"PB-Heizungsrohr";"PB heating pipe";"PB ısıtma borusu";"أنابيب التدفئة المصنوعة من البولي بوتيلين";;"Werkstofftechnik";;
"1165";"143";"Polybutène";"Polybuten";"Polybutene";"Polibuten";"البولي بوتين";;"Werkstofftechnik";;
"1171";"143";"Polypropylène";"Polypropylen";"Polypropylene";"Polipropilen";"البولي بروبيلين";;"Werkstofftechnik";;
"1183";"143";"Tuyau d'évacuation en PP";"PP-Abwasserrohr";"PP sewer pipe";"PP kanalizasyon borusu";"أنابيب الصرف الصحي من مادة PP";;"Werkstofftechnik";;
"51";"144";"Baignoire en acrylique";"Acryl-Badewanne";"Acrylic bathtub";"Akrilik küvet";"حوض استحمام أكريليك";;"Werkstofftechnik";;
"325";"144";"Plastique thermodurcissable";"Duroplast";"Thermoset";"Termoset";"مواد صلبة حرارياً";;"Werkstofftechnik";;
"324";"144";"Plastique thermodurcissable";"Duromer";"Duromer";"Duromer";"دورومر";;"Werkstofftechnik";;
"1783";"144";"Centre de mise en réseau";"Vernetzungsstelle";"Cross-linking site";"Çapraz bağlanma bölgesi";"موقع التشابك";;"Werkstofftechnik";;
"1039";"144";"Filament réticulaire réticulé";"Molekülfaden, vernetzt";"Cross-linked molecular chain";"Çapraz bağlı moleküler zincir";"سلسلة جزيئية متشابكة";;"Werkstofftechnik";;
"1164";"144";"Polyméthacrylate de méthyle";"PMMA";"PMMA";"PMMA";"PMMA";;"Werkstofftechnik";;
"1170";"144";"Polyméthacrylate de méthyle";"Polymethylmethacrylat";"Polymethyl methacrylate";"Polimetil metakrilat";"بولي ميثيل ميثاكريلات";;"Werkstofftechnik";;
"1724";"144";"déformable";"umformbar";"formable";"şekillendirilebilir";"قابل للتشكيل";;"Werkstofftechnik";;
"646";"145";"Résine urée-formaldéhyde";"Harnstoff-Formaldehydharz";"Urea-formaldehyde resin";"Üre-formaldehit reçinesi";"راتنج اليوريا-الفورمالديهايد";;"Werkstofftechnik";;
"1025";"145";"MF";"MF";"MF";"MF";"MF";;"Werkstofftechnik";;
"1151";"145";"PF/Bakélite";"PF/ Bakelit";"PF/Bakelite";"PF/Bakalit";"PF/باكليت";;"Werkstofftechnik";;
"923";"145";"Circuit imprimé";"Leiterplatte";"printed circuit board";"baskılı devre kartı";"لوحة الدوائر المطبوعة";;"Werkstofftechnik";;
"1001";"145";"Résine mélamine-formaldéhyde";"Melamin-Formaldehydharz";"Melamine-formaldehyde resin";"Melamin-formaldehit reçinesi";"راتنج الميلامين-الفورمالديهايد";;"Werkstofftechnik";;
"1155";"145";"Résine phénol-formaldéhyde";"Phenol-Formaldehydharz";"Phenol-formaldehyde resin";"Fenol-formaldehit reçine";"راتنج الفينول-الفورمالديهايد";;"Werkstofftechnik";;
"1681";"145";"Siège de toilette";"Toilettensitz";"Toilet seat";"Tuvalet oturağı";"مقعد المرحاض";;"Werkstofftechnik";;
"1721";"145";"UF";"UF";"UF";"UF";"UF";;"Werkstofftechnik";;
"1591";"145";"Prise de courant";"Steckdose";"Electrical outlet";"Elektrik prizi";"مأخذ كهربائي";;"Werkstofftechnik";;
"371";"146";"Élastomère";"Elastomer";"Elastomer";"Elastomer";"الإيلاستومر";;"Werkstofftechnik";;
"369";"146";"Élastomère";"Elast";"Elast";"Elast";"إيلاست";;"Werkstofftechnik";;
"613";"146";"Élastique en caoutchouc";"gummielastisch";"rubber-elastic";"kauçuk-elastik";"مطاط مرن";;"Werkstofftechnik";;
"1207";"146";"Polyuréthane";"PUR";"PUR";"PUR";"PUR";;"Werkstofftechnik";;
"1208";"146";"Isolant thermique en PUR";"PUR-Wärmedämmstoff";"PUR thermal insulation material";"PUR ısı yalıtım malzemesi";"مادة العزل الحراري PUR";;"Werkstofftechnik";;
"1725";"146";"non thermorformable";"umformbar, nicht warm";"moldable, not heat-resistant";"kalıplanabilir, ısıya dayanıklı değildir";"قابلة للتشكيل، غير مقاومة للحرارة";;"Werkstofftechnik";;
"1037";"146";"Fil moléculaire, partiellement réticulé";"Molekülfaden, teilvernetzt";"Molecular chain, partially cross-linked";"Moleküler zincir, kısmen çapraz bağlı";"سلسلة جزيئية، متشابكة جزئيًا";;"Werkstofftechnik";;
"1172";"146";"Polyuréthane";"Polyurethan";"polyurethane";"poliüretan";"البولي يوريثان";;"Werkstofftechnik";;
"52";"147";"Caoutchouc acrylonitrile-butadiène";"Acrylnitril-Butadien-Kautschuk";"Acrylonitrile-butadiene rubber";"Akrilonitril-bütadien kauçuk";"مطاط الأكريلونيتريل-بوتادين";;"Werkstofftechnik";;
"53";"147";"Caoutchouc acrylonitrile-butadiène, hydrogéné";"Acrylnitril-Butadien-Kautschuk, hydriert";"Acrylonitrile-butadiene rubber, hydrogenated";"Akrilonitril-bütadien kauçuk, hidrojenlenmiş";"مطاط الأكريلونيتريل-بوتادين، المهدرج";;"Werkstofftechnik";;
"700";"147";"Joint torique en HNBR";"HNBR-O-Dichtring";"HNBR O-ring";"HNBR O-ring";"حلقة O من مادة HNBR";;"Werkstofftechnik";;
"372";"147";"Joint d'étanchéité en élastomère";"Elastomer-Dichtring";"Elastomer O-ring";"Elastomer O-ring";"حلقة O من المطاط الصناعي";;"Werkstofftechnik";;
"699";"147";"Joint torique en HNBR";"HNBR";"HNBR";"HNBR";"HNBR";;"Werkstofftechnik";;
"1066";"147";"Caoutchouc acrylonitrile-butadiène";"NBR";"NBR";"NBR";"NBR";;"Werkstofftechnik";;
"1067";"147";"Joint torique en NBR";"NBR-O-Dichtring";"NBR O-ring";"NBR O-ring";"حلقة O من NBR";;"Werkstofftechnik";;
"1187";"147";"Raccord à sertir pour conduites de gaz";"Pressfitting für Gasleitungen";"Press fitting for gas lines";"Gaz hatları için pres bağlantı parçası";"وصلة ضغط لخطوط الغاز";;"Werkstofftechnik";;
"44";"148";"Manchon d'évacuation";"Abwassermuffe";"Sewage socket";"Kanalizasyon soketi";"مقبس الصرف الصحي";;"Werkstofftechnik";;
"387";"148";"Émail";"Email";"Enamel";"Emaye";"المينا";;"Werkstofftechnik";;
"417";"148";"Caoutchouc éthylène-propylène-diène";"Ethylen-Propylen-Dien-Kautschuk";"Ethylene-propylene-diene rubber";"Etilen-propilen-dien kauçuk";"مطاط الإيثيلين-البروبيلين-الديين";;"Werkstofftechnik";;
"775";"148";"Bidet en céramique";"Keramikbidet";"Ceramic bidet";"Seramik bide";"شطافة سيراميك";;"Werkstofftechnik";;
"405";"148";"EPDM";"EPDM";"EPDM";"EPDM";"EPDM";;"Werkstofftechnik";;
"406";"148";"Insert d´insonorisation en EPDM";"EPDM-Schalldämmeinlage";"EPDM sound insulation insert";"EPDM ses yalıtım elemanı";"حشوة عازلة للصوت من مادة EPDM";;"Werkstofftechnik";;
"1647";"148";"Grès émaillé";"STZ";"STZ";"STZ";"STZ";;"Werkstofftechnik";;
"1343";"148";"Céramique sanitaire";"Sanitärkeramik";"Sanitary ceramics";"Sıhhi seramik";"السيراميك الصحي";;"Werkstofftechnik";;
"1606";"148";"Grès émaillé";"Steinzeug, glasiert";"Glazed stoneware";"Sırlı taş çanak çömlek";"خزف حجري مزجج";;"Werkstofftechnik";;
"138";"148";"Évier";"Ausgussbecken";"Sink";"Evi";"حوض";;"Werkstofftechnik";;
"234";"149";"Verre en borosilicate";"Borosilikatglas";"Borosilicate glass";"Borosilikat cam";"زجاج البورسليكات";;"Werkstofftechnik";;
"435";"149";"Verre à vitre";"Fensterglas";"Window glass";"Cam";"زجاج النوافذ";;"Werkstofftechnik";;
"711";"149";"Bois";"Holz";"Wood";"Ahşap";"الخشب";;"Werkstofftechnik";;
"718";"149";"Manche en bois";"Holzstiel";"Wooden handle";"Ahşap sap";"مقبض خشبي";;"Werkstofftechnik";;
"852";"149";"Verre en cristal";"Kristallglas";"Crystal glass";"Kristal cam";"زجاج كريستالي";;"Werkstofftechnik";;
"1777";"149";"Verre feuilleté";"Verbundglas";"Laminated glass";"Lamine cam";"زجاج مصفح";;"Werkstofftechnik";;
"309";"150";"Tuyau d'air comprimé";"Druckluftschlauch";"Compressed air hose";"Basınçlı hava hortumu";"خرطوم الهواء المضغوط";;"Werkstofftechnik";;
"867";"150";"Plastique renforcé de fibres de verre";"Kunststoff, glasfaserverstärkt";"Plastic, glass fiber reinforced";"Plastik, cam elyaf takviyeli";"بلاستيك مقوى بألياف زجاجية";;"Werkstofftechnik";;
"868";"150";"Plastique, renforcé de métal";"Kunststoff, metallverstärkt";"Plastic, metal-reinforced";"Plastik, metal takviyeli";"بلاستيك، مقوى بالمعدن";;"Werkstofftechnik";;
"591";"150";"Plastique renforcé de fibres de verre";"GFK";"FRP";"FRP";"FRP";;"Werkstofftechnik";;
"1113";"150";"Réservoir de stockage d´huile";"Öllagerbehälter";"Oil storage tank";"Yağ depolama tankı";"خزان تخزين الزيت";;"Werkstofftechnik";;
"1119";"150";"Réservoir d'huile";"Öltank";"Oil tank";"Yağ tankı";"خزان الزيت";;"Werkstofftechnik";;
"489";"151";"Pièce moulée";"Formteil";"Molded part";"Kalıp parçası";"قطعة مقولبة";;"Werkstofftechnik";;
"605";"151";"Palier lisse";"Gleitlager";"Plain bearing";"Kaymalı yatak";"محمل عادي";;"Werkstofftechnik";;
"650";"151";"Lame en métal dure frittée";"Hartmetallschneide, gesintert";"Sintered carbide cutting insert";"Sinterlenmiş karbür kesme ucu";"إدراج قطع من الكربيد الملبد";;"Werkstofftechnik";;
"651";"151";"Plaquette de coupe en métal dur, brasée";"Hartmetallschneidplättchen, aufgelötet";"Carbide cutting insert, brazed";"Lehimli karbür kesme ucu";"إدراج قطع كربيد، ملحوم بالنحاس";;"Werkstofftechnik";;
"1688";"151";"Matériau de support, élastique";"Trägerwerkstoff, elastisch";"Elastic substrate material";"Elastik alt tabaka malzemesi";"مادة الركيزة المرنة";;"Werkstofftechnik";;
"1401";"151";"Matériau de coupe";"Schneidstoff";"Cutting material";"Kesme malzemesi";"مادة القطع";;"Werkstofftechnik";;
"1500";"151";"Pièce frittée";"Sinterteil";"Sintered part";"Sinterlenmiş parça";"الجزء الملبد";;"Werkstofftechnik";;
"652";"152";"plaquette de coupe en métal dur";"Hartmetall-Wendeschneidplatte";"Carbide indexable insert";"Karbür değiştirilebilir kesici uç";"إدراج قابل للتبديل من الكربيد";;"Werkstofftechnik";;
"776";"152";"Plaque de découpe en céramique";"Keramikschneidplatte";"Ceramic cutting insert";"Seramik kesici uç";"إدراج قطع خزفي";;"Werkstofftechnik";;
"1024";"152";"Tube composite en métal";"Metallverbundrohr";"Metal composite tube";"Metal kompozit boru";"أنبوب مركب معدني";;"Werkstofftechnik";;
"1387";"152";"Lubrifiant";"Schmiermittel";"Lubricant";"Yağlayıcı";"مواد التشحيم";;"Werkstofftechnik";;
"1498";"152";"Palier lisse en bronze fritté";"Sinterbronze-Gleitlager";"Sintered bronze plain bearing";"Sinterlenmiş bronz kaymalı yatak";"محمل عادي من البرونز الملبد";;"Werkstofftechnik";;
"1499";"152";"Métal fritté";"Sintermetall";"Sintered metal";"Sinterlenmiş metal";"معدن متكلس";;"Werkstofftechnik";;
"792";"153";"Colle";"Kleber";"Adhesive";"Yapıştırıcı";"مادة لاصقة";;"Werkstofftechnik";;
"793";"153";"Colle micro-encapsulée";"Kleber, mikroverkapselt";"Adhesive, microencapsulated";"Yapıştırıcı, mikro kapsüllü";"مادة لاصقة، مغلفة في كبسولات دقيقة";;"Werkstofftechnik";;
"1118";"153";"Spray d'huile";"Ölspray";"Oil spray";"Yağ spreyi";"رذاذ الزيت";;"Werkstofftechnik";;
"1386";"153";"Graisse lubrifiante";"Schmierfett";"Grease";"Gres";"شحم";;"Werkstofftechnik";;
"1388";"153";"Huile lubrifiante";"Schmieröl";"Lubricating oil";"Yağlama yağı";"زيت التشحيم";;"Werkstofftechnik";;
"1422";"153";"Colle de sécurité pour vis";"Schraubensicherungskleber";"Screw-locking adhesive";"Vida sabitleyici yapıştırıcı";"مادة لاصقة بتثبيت لولبي";;"Werkstofftechnik";;
"1553";"153";"Graisse en spray";"Sprühfett";"Spray grease";"Sprey gres";"شحم بخاخ";;"Werkstofftechnik";;
"744";"154";"Profilé en IPB";"IPB-Profil";"IPB profile";"IPB profili";"ملف تعريف IPB";;"Werkstofftechnik";;
"745";"154";"Profilé en IPE";"IPE-Profil";"IPE section";"IPE kesiti";"مقطع IPE";;"Werkstofftechnik";;
"750";"154";"Profilé en IPE";"I-Träger, mittelbreit";"I-beam, medium width";"I-kiriş, orta genişlik";"عارضة على شكل حرف I، عرض متوسط";;"Werkstofftechnik";;
"746";"154";"Profilé en I";"I-Profil";"I-beam";"I-kiriş";"عارضة على شكل حرف I";;"Werkstofftechnik";;
"749";"154";"Poutre en I, large";"I-Träger, breit";"I-beam, wide";"I-kiriş, geniş";"عارضة على شكل حرف I، عريضة";;"Werkstofftechnik";;
"751";"154";"Poutre en I, étroite";"I-Träger, schmal";"I-beam, narrow";"I-kiriş, dar";"عارضة على شكل حرف I، ضيقة";;"Werkstofftechnik";;
"959";"154";"Profilé en L, isocèle à bords arrondis";"L-Profil, gleichschenkelig rundkantig";"L-profile, isosceles, rounded edges";"L profili, ikizkenar, yuvarlatılmış kenarlar";"مقطع على شكل حرف L، متساوي الساقين، حواف مستديرة";;"Werkstofftechnik";;
"1900";"154";"Profilé en L";"Winkelstahl";"Angle steel";"Köşebent";"زاوية فولاذية";;"Werkstofftechnik";;
"958";"154";"Profilé en L";"L-Profil";"L-profile";"L profili";"مقطع على شكل حرف L";;"Werkstofftechnik";;
"1195";"154";"Profilé";"Profil";"Profile";"Profil";"المقطع";;"Werkstofftechnik";;
"1686";"155";"profilé en T isocèle à bords ronds";"T-Profil, gleichschenkelig rundkantig";"T-profile, equal-leg, rounded edges";"T-profil, eşit kanatlı, yuvarlatılmış kenarlı";"مقطع على شكل حرف T، أرجل متساوية، حواف مستديرة";;"Werkstofftechnik";;
"1687";"155";"Profilé en T, isocèle à arêtes vives";"T-Profil, gleichschenkelig scharfkantig";"T-profile, equal-leg, sharp-edged";"T profili, eşit kanatlı, keskin kenarlı";"مقطع على شكل حرف T، أرجل متساوية، حواف حادة";;"Werkstofftechnik";;
"960";"155";"Profilé en L, isocèle à arêtes vives";"L-Profil, gleichschenkelig scharfkantig";"L-profile, equal-leg, sharp-edged";"L profili, eşit kanatlı, keskin kenarlı";"مقطع على شكل حرف L، أرجل متساوية، حواف حادة";;"Werkstofftechnik";;
"961";"155";"profilé en L à cotés inégaux et à bords ronds";"L-Profil, ungleichschenkelig rundkantig";"L-profile, unequal-sided, rounded edges";"L profili, eşit olmayan kenarlı, yuvarlatılmış kenarlar";"مقطع L، غير متساوي الأضلاع، حواف مستديرة";;"Werkstofftechnik";;
"1685";"155";"Profilé en T";"T-Profil";"T-profile";"T profili";"المقطع العرضي على شكل حرف T";;"Werkstofftechnik";;
"706";"156";"Profilé creux";"Hohlprofil";"Hollow profile";"İçi boş profil";"مقطع مجوف";;"Werkstofftechnik";;
"707";"156";"Profilé creux, carré";"Hohlprofil, quadratisch";"Hollow profile, square";"İçi boş profil, kare";"مقطع مجوف، مربع";;"Werkstofftechnik";;
"708";"156";"Profilé creux, rectangulaire";"Hohlprofil, rechteckig";"Hollow profile, rectangular";"İçi boş profil, dikdörtgen";"مقطع مجوف، مستطيل";;"Werkstofftechnik";;
"1753";"156";"profilé en U, à bords arrondis";"U-Profil, rundkantig";"U-profile, rounded edges";"U profili, yuvarlatılmış kenarlar";"مقطع على شكل حرف U، حواف مستديرة";;"Werkstofftechnik";;
"1933";"156";"Profilé en Z, à bords arrondis";"Z-Profil, rundkantig";"Z-profile, rounded edges";"Z profili, yuvarlatılmış kenarlar";"مقطع على شكل حرف Z، حواف مستديرة";;"Werkstofftechnik";;
"1325";"156";"Profilé creux rond";"Rundhohlprofil";"Round hollow profile";"Yuvarlak içi boş profil";"مقطع مجوف دائري";;"Werkstofftechnik";;
"1752";"156";"Profilé en U";"U-Profil";"U-profile";"U profili";"مقطع على شكل حرف U";;"Werkstofftechnik";;
"1932";"156";"Profilé en Z";"Z-Profil";"Z-profile";"Z profili";"مقطع على شكل حرف Z";;"Werkstofftechnik";;
"464";"157";"Barre plate";"Flachstab";"Flat bar";"Yassı çubuk";"قضيب مسطح";;"Werkstofftechnik";;
"465";"157";"Barre plate";"Flachstahl";"Flat steel";"Yassı çelik";"فولاذ مسطح";;"Werkstofftechnik";;
"1328";"157";"Barre ronde";"Rundstab";"Round bar";"Yuvarlak çubuk";"قضيب دائري";;"Werkstofftechnik";;
"1468";"157";"Barre hexagonale";"Sechskantstab";"Hexagonal bar";"Altıgen çubuk";"قضيب سداسي";;"Werkstofftechnik";;
"1797";"157";"Barre carrée";"Vierkantstab";"Square bar";"Kare çubuk";"قضيب مربع";;"Werkstofftechnik";;
"893";"158";"Tuyau en cuivre, intérieur étamé";"Kupferrohr, innen verzinnt";"Tin-plated copper tubing";"Kalay kaplı bakır boru";"أنابيب نحاسية مطلية بالقصدير";;"Werkstofftechnik";;
"891";"158";"Tuyau en cuivre avec gaine en PVC";"Kupferrohr mit PVC-Stegmantel";"Copper tubing with PVC insulation";"PVC yalıtımlı bakır boru";"أنابيب نحاسية مع عازل من البولي فينيل كلوريد";;"Werkstofftechnik";;
"894";"158";"Tuyau en cuivre, isolé thermiquement";"Kupferrohr, wärmegedämmt";"Copper tubing, thermally insulated";"Isı yalıtımlı bakır boru";"أنابيب نحاسية معزولة حرارياً";;"Werkstofftechnik";;
"1265";"158";"Tube";"Rohr";"Tube";"Boru";"أنبوب";;"Werkstofftechnik";;
"583";"159";"Tube fileté";"Gewinderohr";"Threaded pipe";"Dişli boru";"أنبوب ملولب";;"Werkstofftechnik";;
"877";"159";"Revêtement en plastique";"Kunststoffummantelung";"Plastic coating";"Plastik kaplama";"طلاء بلاستيكي";;"Werkstofftechnik";;
"876";"159";"tube en acier de précision gainé de plastique";"kunststoffummantelte Präzisionsstahlrohr";"Plastic-coated precision steel pipe";"Plastik kaplamalı hassas çelik boru";"أنابيب فولاذية دقيقة مغلفة بالبلاستيك";;"Werkstofftechnik";;
"1186";"159";"Tube en acier de précision";"Präzisionsstahlrohr";"Precision steel tubing";"Hassas çelik boru";"أنابيب فولاذية دقيقة";;"Werkstofftechnik";;
"1575";"159";"Tube en acier";"Stahlrohr";"Steel tube";"Çelik boru";"أنابيب فولاذية";;"Werkstofftechnik";;
"1577";"159";"Tube en acier inoxydable";"Stahlrohr, nichtrostend";"Stainless steel tube";"Paslanmaz çelik boru";"أنابيب من الفولاذ المقاوم للصدأ";;"Werkstofftechnik";;
"206";"160";"Tube en tôle";"Blechrohr";"Sheet metal tube";"Sac boru";"أنابيب من الصفائح المعدنية";;"Werkstofftechnik";;
"616";"160";"Tube en fonte";"Gusseisenrohr";"Cast iron pipe";"Dökme demir boru";"أنابيب من الحديد الزهر";;"Werkstofftechnik";;
"734";"160";"Revêtement intérieur, jaune";"Innenbeschichtung, gelb";"Internal coating, yellow";"İç kaplama, sarı";"طلاء داخلي، أصفر";;"Werkstofftechnik";;
"946";"160";"Tuyau LORO-X, inoxydable";"LORO-X-Rohr, nichtrostend";"LORO-X pipe, stainless";"LORO-X boru, paslanmaz";"أنبوب LORO-X، من الفولاذ المقاوم للصدأ";;"Werkstofftechnik";;
"947";"160";"Tuyau LORO-X, galvanisé";"LORO-X-Rohr, verzinkt";"LORO-X pipe, galvanized";"LORO-X boru, galvanizli";"أنبوب LORO-X، مجلفن";;"Werkstofftechnik";;
"1506";"160";"Tube en SML";"SML-Rohr";"SML pipe";"SML boru";"أنبوب SML";;"Werkstofftechnik";;
"1563";"160";"Tube en S";"S-Rohr";"S-pipe";"S-boru";"أنابيب S";;"Werkstofftechnik";;
"81";"161";"Tube de support en aluminium";"Aluminium-Trägerrohr";"Aluminum support tube";"Alüminyum destek borusu";"أنبوب دعامة من الألومنيوم";;"Werkstofftechnik";;
"82";"161";"Tube composite en aluminium";"Aluminiumverbundrohr";"Aluminum composite pipe";"Alüminyum kompozit boru";"أنبوب مركب من الألومنيوم";;"Werkstofftechnik";;
"895";"161";"Tube composite en cuivre";"Kupferverbundrohr";"Copper composite pipe";"Bakır kompozit boru";"أنبوب مركب من النحاس";;"Werkstofftechnik";;
"881";"161";"Tube en tôle de cuivre, en forme de caisson";"Kupfer-Blechrohr, kastenförmig";"Copper sheet pipe, box-shaped";"Bakır sac boru, kutu şeklinde";"أنبوب من صفائح النحاس، على شكل صندوق";;"Werkstofftechnik";;
"1680";"161";"Tube en tôle de zinc-titane, rond";"Titanzink-Blechrohr, rund";"Titanium-zinc sheet metal pipe, round";"Titanyum-çinko sac boru, yuvarlak";"أنبوب من صفائح التيتانيوم والزنك، دائري";;"Werkstofftechnik";;
"1138";"161";"Couche de protection PE-HD";"PE-HD-Schutzschicht";"PE-HD protective layer";"PE-HD koruyucu tabaka";"طبقة واقية من البولي إيثيلين عالي الكثافة (PE-HD)";;"Werkstofftechnik";;
"1150";"161";"Tube intérieur PE-X";"PE-X-Innenrohr";"PE-X inner pipe";"PE-X iç boru";"الأنبوب الداخلي من مادة PE-X";;"Werkstofftechnik";;
"872";"162";"Tube en plastique";"Kunststoffrohr";"Plastic pipe";"Plastik boru";"أنابيب بلاستيكية";;"Werkstofftechnik";;
"1282";"162";"Système tube en tube";"Rohr-im-Rohr-System";"Pipe-in-pipe system";"Boru içi boru sistemi";"نظام الأنابيب المتداخلة";;"Werkstofftechnik";;
"1135";"162";"Tube en PB";"PB-Rohr";"PB pipe";"PB boru";"أنبوب PB";;"Werkstofftechnik";;
"1145";"162";"Tube en PE";"PE-Rohr";"PE pipe";"PE boru";"أنبوب PE";;"Werkstofftechnik";;
"1213";"162";"Tube en PVC";"PVC-Rohr";"PVC pipe";"PVC boru";"أنبوب PVC";;"Werkstofftechnik";;
"601";"163";"Tube en verre";"Glasrohr";"Glass pipe";"Cam boru";"الأنابيب الزجاجية";;"Werkstofftechnik";;
"783";"163";"Tuyau en PP (HT), résistant aux hautes températures";"KG-Rohr";"KG pipe";"KG boru";"أنابيب KG";;"Werkstofftechnik";;
"1185";"163";"Tuyau en PP, renforcé de minéraux";"PP-Rohr, mineralverstärkt";"PP pipe, mineral-reinforced";"PP boru, mineral takviyeli";"أنابيب PP، المقواة بالمعادن";;"Werkstofftechnik";;
"1184";"163";"Tuyau en PP (HT), résistant aux hautes températures";"PP-Rohr (HT), hoch temperaturbeständig";"PP pipe (HT), high-temperature resistant";"PP boru (HT), yüksek sıcaklığa dayanıklı";"أنابيب PP (HT)، مقاومة لدرجات الحرارة العالية";;"Werkstofftechnik";;
"1607";"163";"Tube en grès";"Steinzeugrohr";"Stoneware pipe";"Seramik boru";"أنابيب من الخزف الحجري";;"Werkstofftechnik";;
"72";"164";"Tôle en aluminium";"Aluminiumblech";"Aluminum sheet";"Alüminyum levha";"صفائح الألومنيوم";;"Werkstofftechnik";;
"432";"164";"Tôle fine";"Feinblech";"Thin sheet metal";"İnce sac";"صفائح معدنية رقيقة";;"Werkstofftechnik";;
"1568";"164";"Tôle d'acier galvanisée";"Stahlblech, verzinkt";"Galvanized steel sheet";"Galvanizli çelik sac";"صفائح فولاذية مجلفنة";;"Werkstofftechnik";;
"940";"165";"Tôle perforée";"Lochblech";"Perforated sheet";"Delikli sac";"صفائح مثقبة";;"Werkstofftechnik";;
"203";"165";"Tôle texturée";"Blech, strukturiert";"Textured sheet metal";"Desenli sac";"صفائح معدنية مزخرفة";;"Werkstofftechnik";;
"1256";"165";"Tôle ondulée";"Riffelblech";"Checker plate";"Damalı sac";"صفائح مربعة";;"Werkstofftechnik";;
"1567";"165";"Bande d'acier";"Stahlband";"Steel strip";"Çelik şerit";"شريط فولاذي";;"Werkstofftechnik";;
"285";"166";"Fil de fer";"Draht";"Wire";"Tel";"الأسلاك";;"Werkstofftechnik";;
"286";"166";"Câble métallique";"Drahtseil";"Wire rope";"Tel halat";"حبل سلكي";;"Werkstofftechnik";;
"936";"166";"Toron";"Litze";"Strand";"Tel demeti";"خيوط";;"Werkstofftechnik";;
"937";"166";"l´ame de torons";"Litzeneinlage";"Strand insert";"Tel demeti ek parçası";"حشوة الخيط";;"Werkstofftechnik";;
"1470";"166";"le cable";"Seil";"Rope";"Halat";"حبل";;"Werkstofftechnik";;
"1471";"166";"l´ame de cable";"Seileinlage";"Rope insert";"Halat ek parçası";"حشوة الحبل";;"Werkstofftechnik";;
"1570";"166";"Fil d'acier";"Stahldraht";"Steel wire";"Çelik tel";"سلك فولاذي";;"Werkstofftechnik";;
"826";"167";"Point de contact";"Kontaktstelle";"Contact point";"Temas noktası";"نقطة التلامس";;"Werkstofftechnik";;
"1526";"167";"série de tensions electrochimiques des metaux";"Spannungsreihe, elektrochemisch";"Voltage series, electrochemical";"Gerilim serisi, elektrokimyasal";"سلسلة الجهد، كهروكيميائية";;"Werkstofftechnik";;
"1947";"167";"De plus en plus noble";"zunehmend edel";"increasingly noble";"giderek daha asil";"أكثر نبلاً";;"Werkstofftechnik";;
"1948";"167";"De moins en moins noble";"zunehmend unedel";"increasingly base";"giderek daha bazik";"تتزايد قاعدية";;"Werkstofftechnik";;
"1576";"167";"Tube en acier, corrodé";"Stahlrohr,korrodiert";"Steel pipe, corroded";"Çelik boru, aşınmış";"أنبوب فولاذي، متآكل";;"Werkstofftechnik";;
"1579";"167";"Collier en acier, galvanisé";"Stahlschelle,verzinkt";"Steel clamp, galvanized";"Çelik kelepçe, galvanizli";"مشبك فولاذي، مجلفن";;"Werkstofftechnik";;
"338";"168";"Noble";"edel";"noble";"asil";"نبيل";;"Werkstofftechnik";;
"1734";"168";"non noble";"unedel";"non-noble";"asil olmayan";"غير نبيل";;"Werkstofftechnik";;
"1924";"168";"Ion zinc";"Zink-lon";"Zinc-lon";"Çinko-lon";"الزنك-لون";;"Werkstofftechnik";;
"380";"168";"Electron";"Elektron";"Electron";"Elektron";"إلكترون";;"Werkstofftechnik";;
"90";"168";"Anode";"Anode";"Anode";"Anot";"الأنود";;"Werkstofftechnik";;
"386";"168";"Élément, galvanique";"Element,galvanisch";"Element, galvanic";"Eleman, galvanik";"عنصر، جلفاني";;"Werkstofftechnik";;
"368";"169";"Oxyde de fer";"Eisenoxid";"Iron oxide";"Demir oksit";"أكسيد الحديد";;"Werkstofftechnik";;
"972";"169";"Oxygène atmosphérique";"Luftsauerstoff";"Atmospheric oxygen";"Atmosferik oksijen";"الأكسجين الجوي";;"Werkstofftechnik";;
"1099";"169";"Corrosion de surface";"Oberflächenkorrosion";"Surface corrosion";"Yüzey korozyonu";"تآكل السطح";;"Werkstofftechnik";;
"1305";"169";"Grille";"Rost";"Rust";"Pas";"الصدأ";;"Werkstofftechnik";;
"1842";"169";"Alimentation en chaleur";"Wärmezufuhr";"Heat input";"Isı girişi";"مدخلات الحرارة";;"Werkstofftechnik";;
"1873";"169";"Matériau avec couche d'oxyde";"Werkstoff mit Oxidschicht";"Material with an oxide layer";"Oksit tabakası bulunan malzeme";"مادة ذات طبقة أكسيد";;"Werkstofftechnik";;
"1874";"169";"Matériau sans couche d'oxyde";"Werkstoff ohne Oxidschicht";"Material without an oxide layer";"Oksit tabakası olmayan malzeme";"المواد التي لا تحتوي على طبقة أكسيد";;"Werkstofftechnik";;
"456";"170";"Surface";"Fläche";"Surface";"Yüzey";"السطح";;"Werkstofftechnik";;
"838";"170";"Dégâts dus à la corrosion";"Korrosionsschaden";"Corrosion damage";"Korozyon hasarı";"تلف التآكل";;"Werkstofftechnik";;
"886";"170";"Oxyde de cuivre";"Kupferoxid";"Copper oxide";"Bakır oksit";"أكسيد النحاس";;"Werkstofftechnik";;
"889";"170";"Patine de cuivre";"Kupferpatina";"Copper patina";"Bakır patinası";"طلاء النحاس";;"Werkstofftechnik";;
"938";"170";"Trou";"Loch";"Hole";"Delik";"ثقب";;"Werkstofftechnik";;
"1051";"170";"Cuvette";"Mulde";"Depression";"Çukur";"تجويف";;"Werkstofftechnik";;
"373";"170";"Corindon électrique";"Elektrokorund";"Electrocorundum";"Elektrokorund";"الكوراندوم الكهربائي";;"Werkstofftechnik";;
"1262";"170";"Fissure";"Riss";"Crack";"Çatlak";"شق";;"Werkstofftechnik";;
"1925";"170";"Oxyde de zinc";"Zinkoxid";"Zinc oxide";"Çinko oksit";"أكسيد الزنك";;"Werkstofftechnik";;
"1926";"170";"Patine de zinc";"Zinkpatina";"Zinc patina";"Çinko patinası";"طبقة الزنك";;"Werkstofftechnik";;
"1443";"170";"Couche de protection";"Schutzschicht";"Protective layer";"Koruyucu tabaka";"طبقة واقية";;"Werkstofftechnik";;
"319";"171";"perméable";"durchlässig";"Permeable";"Geçirgen";"قابلة للنفاذ";;"Werkstofftechnik";;
"39";"171";"Usure uniforme";"Abtrag, gleichmäßig";"Abrasion, uniform";"Aşınma, düzgün";"تآكل، منتظم";;"Werkstofftechnik";;
"366";"171";"Fer-lon";"Eisen-lon";"Iron ions";"Demir iyonları";"أيونات الحديد";;"Werkstofftechnik";;
"458";"171";"Corrosion de surface, uniforme";"Flächenkorrosion, gleichmäßig";"Surface corrosion, uniform";"Yüzey korozyonu, düzgün";"تآكل سطحي، منتظم";;"Werkstofftechnik";;
"1052";"171";"Corrosion en cuvette, irrégulière";"Muldenkorrosion, ungleichmäßig";"Pitting corrosion, uneven";"Çukur korozyonu, düzensiz";"تآكل نقطي، غير منتظم";;"Werkstofftechnik";;
"1372";"171";"Couche, poreuse";"Schicht, porös";"Layer, porous";"Katman, gözenekli";"طبقة، مسامية";;"Werkstofftechnik";;
"1876";"171";"Structure du matériau";"Werkstoffgefüge";"Material structure";"Malzeme yapısı";"بنية المادة";;"Werkstofftechnik";;
"1128";"171";"Couche d'oxyde";"Oxidschicht";"Oxide layer";"Oksit tabakası";"طبقة أكسيد";;"Werkstofftechnik";;
"67";"172";"Rivet en aluminium";"Al-Niet";"Al rivet";"Al perçin";"برشام من الألومنيوم";;"Werkstofftechnik";;
"175";"172";"Corrosion par contact";"Berührungskorrosion";"Contact corrosion";"Temas korozyonu";"تآكل التلامس";;"Werkstofftechnik";;
"258";"172";"Tôle de cuivre";"Cu-Blech";"Copper sheet";"Bakır sac";"صفائح النحاس";;"Werkstofftechnik";;
"260";"172";"Structure CuZn";"CuZn-Gefüge";"CuZn structure";"CuZn yapısı";"بنية CuZn";;"Werkstofftechnik";;
"404";"172";"Dézincification";"Entzinkung";"Dezincification";"Çinko kaybı";"إزالة الزنك";;"Werkstofftechnik";;
"825";"172";"Corrosion de contact";"Kontaktkorrosion";"Contact corrosion";"Temas korozyonu";"التآكل التلامسي";;"Werkstofftechnik";;
"259";"172";"Structure en cuivre, poreuse";"Cu-Gefüge, porös";"Cu structure, porous";"Cu yapısı, gözenekli";"هيكل النحاس، مسامي";;"Werkstofftechnik";;
"834";"172";"Attaque par la corrosion, accrue";"Korrosionsangriff, erhöht";"Increased corrosion attack";"Artan korozyon saldırısı";"زيادة التعرض للتآكل";;"Werkstofftechnik";;
"1514";"172";"Corrosion par fissuration et par aération";"Spalt- und Belüftungskorrosion";"Crevice and aeration corrosion";"Çatlak ve havalandırma korozyonu";"التآكل الشقي والتآكل الناتج عن التهوية";;"Werkstofftechnik";;
"1127";"172";"Oxyde";"Oxid";"Oxide";"Oksit";"الأكسيد";;"Werkstofftechnik";;
"411";"173";"Corrosion par érosion";"Erosionskorrosion";"Erosion corrosion";"Aşınma korozyonu";"التآكل التآكلي";;"Werkstofftechnik";;
"836";"173";"Trou de corrosion";"Korrosionsloch";"Corrosion pit";"Korozyon çukuru";"حفرة التآكل";;"Werkstofftechnik";;
"941";"173";"Corrosion par piqûres";"Lochfraß";"Pitting";"Çukurlaşma";"التنقيب";;"Werkstofftechnik";;
"392";"173";"ébavuré";"entgratet";"Deburred";"Çapak alma";"إزالة الحواف الخشنة";;"Werkstofftechnik";;
"837";"173";"creux de corrosion";"Korrosionsmulde";"Corrosion pit";"Korozyon çukuru";"حفرة التآكل";;"Werkstofftechnik";;
"841";"173";"Évolution de la corrosion";"Korrosionsverlauf";"Corrosion progression";"Korozyonun ilerlemesi";"تطور التآكل";;"Werkstofftechnik";;
"942";"173";"Corrosion perforante";"Lochkorrosion";"Pitting corrosion";"Çukur korozyonu";"التآكل النقطي";;"Werkstofftechnik";;
"1520";"173";"Corrosion sous contrainte et sous vibration";"Spannungs- und Schwingungsrisskorrosion";"Stress and vibration-induced corrosion";"Gerilim ve titreşim kaynaklı korozyon";"التآكل الناتج عن الإجهاد والاهتزاز";;"Werkstofftechnik";;
"1527";"173";"Fissure de contrainte dans un tuyau en cuivre";"Spannungsriss im Kupferrohr";"Stress crack in a copper pipe";"Bakır borudaki gerilme çatlağı";"تشقق ناتج عن الإجهاد في أنبوب نحاسي";;"Werkstofftechnik";;
"866";"174";"Insert en plastique ou en caoutchouc";"Kunststoff- oder Gummieinlage";"Plastic or rubber insert";"Plastik veya kauçuk insert";"حشوة بلاستيكية أو مطاطية";;"Werkstofftechnik";;
"931";"174";"Pose de câbles, dans les règles de l'art";"Leitungsverlegung, fachgerecht";"Proper pipe installation";"Doğru boru montajı";"التركيب الصحيح للأنابيب";;"Werkstofftechnik";;
"532";"174";"Conduite de gaz passant par-dessus une conduite d'eau potable";"Gasleitung über Trinkwasserleitung";"Gas line above drinking water line";"İçme suyu hattının üzerindeki gaz hattı";"خط الغاز فوق خط مياه الشرب";;"Werkstofftechnik";;
"1271";"174";"Fixation de tuyaux, dans les règles de l'art";"Rohrbefestigung, fachgerecht";"Proper pipe fastening";"Doğru boru sabitlemesi";"تثبيت الأنابيب بشكل صحيح";;"Werkstofftechnik";;
"1701";"174";"Conduite d'eau potable sous la conduite de gaz";"Trinkwasserleitung unter Gasleitung";"Drinking water line below gas line";"Gaz hattının altında içme suyu hattı";"خط مياه الشرب أسفل خط الغاز";;"Werkstofftechnik";;
"870";"175";"Manchon en plastique";"Kunststoffhülse";"Plastic sleeve";"Plastik manşon";"غلاف بلاستيكي";;"Werkstofftechnik";;
"873";"175";"Rondelle en plastique";"Kunststoffscheibe";"Plastic washer";"Plastik rondela";"حشية بلاستيكية";;"Werkstofftechnik";;
"1569";"175";"Tuyau de puits en acier";"Stahl-Brunnenrohr";"Steel well pipe";"Çelik kuyu borusu";"أنبوب بئر فولاذي";;"Werkstofftechnik";;
"1123";"175";"Anode sacrificielle";"Opferanode";"Sacrificial anode";"Koruyucu anot";"أنود قابل للتضحية";;"Werkstofftechnik";;
"70";"176";"Aluminium anodisé";"Aluminium, eloxiert";"Aluminum, anodized";"Alüminyum, eloksal kaplı";"الألومنيوم، مؤكسد";;"Werkstofftechnik";;
"77";"176";"Pâte d'aluminium";"Aluminiumpaste";"Aluminum paste";"Alüminyum macunu";"معجون الألومنيوم";;"Werkstofftechnik";;
"348";"176";"Lubrification";"Einölen";"Oiling";"Yağlama";"التزييت";;"Werkstofftechnik";;
"840";"176";"Huile anticorrosion";"Korrosionsschutzöl";"Corrosion protection oil";"Korozyon koruma yağı";"زيت الحماية من التآكل";;"Werkstofftechnik";;
"888";"176";"Pâte de cuivre";"Kupferpaste";"Copper paste";"Bakır macunu";"معجون النحاس";;"Werkstofftechnik";;
"344";"176";"Graissage";"Einfetten";"Greasing";"Gresleme";"التشحيم";;"Werkstofftechnik";;
"1098";"176";"Traitement de surface, chimique";"Oberflächenbehandlung, chemisch";"Surface treatment, chemical";"Yüzey işleme, kimyasal";"المعالجة السطحية الكيميائية";;"Werkstofftechnik";;
"423";"177";"Peinture";"Farbanstrich";"Paint coating";"Boya kaplama";"طلاء";;"Werkstofftechnik";;
"839";"177";"Peinture anticorrosion";"Korrosionsschutzanstrich";"Anti-corrosion coating";"Korozyon önleyici kaplama";"طلاء مضاد للتآكل";;"Werkstofftechnik";;
"869";"177";"Revêtement en plastique";"Kunststoffauskleidung";"Plastic lining";"Plastik kaplama";"البطانة البلاستيكية";;"Werkstofftechnik";;
"875";"177";"Revêtement en plastique";"Kunststoffüberzug";"Plastic coating";"Plastik kaplama";"طلاء بلاستيكي";;"Werkstofftechnik";;
"1023";"177";"Vernis de protection pour métal";"Metallschutzlack";"Metal protective coating";"Metal koruyucu kaplama";"طلاء واقي للمعادن";;"Werkstofftechnik";;
"289";"177";"Fraise rotative";"Drehmeißel";"Turning tool";"Tornalama aleti";"أداة الخراطة";;"Werkstofftechnik";;
"257";"182";"Pince à sertir";"Crimpzange";"Crimping pliers";"Sıkma pensesi";"كماشة تجعيد";;"Elektrotechnik";;
"753";"182";"Couteau à câble";"Kabelmesser";"Cable knife";"Kablo bıçağı";"سكين الكابلات";;"Elektrotechnik";;
"953";"182";"Fer à souder";"Lötkolben";"Soldering iron";"Lehim havyası";"مكواة لحام";;"Elektrotechnik";;
"1191";"182";"Outil de sertissage";"Presswerkzeug";"Crimping tool";"Sıkma aleti";"أداة تجعيد";;"Elektrotechnik";;
"1201";"182";"Scie PUK";"PUK-Säge";"PUK saw";"PUK testeresi";"منشار PUK";;"Elektrotechnik";;
"1650";"182";"Scie de poche";"Taschensäge";"Pocket saw";"Cep testeresi";"منشار جيب";;"Elektrotechnik";;
"11";"183";"Pince à dénuder";"Abisolierzange";"Wire stripper";"Tel sıyırıcı";"مقشر الأسلاك";;"Elektrotechnik";;
"754";"183";"Cisaille à câble";"Kabelschere";"Wire cutters";"Tel kesici";"مقصات الأسلاك";;"Elektrotechnik";;
"845";"183";"Pince coupante à force";"Kraft-Seitenschneider";"Heavy-duty side cutters";"Ağır hizmet tipi yan kesici";"مقصات جانبية شديدة التحمل";;"Elektrotechnik";;
"1548";"183";"Pince à becs pointus";"Spitzzange";"Needle-nose pliers";"İğne burunlu pense";"كماشة أنف الإبرة";;"Elektrotechnik";;
"1418";"183";"Tournevis isolé";"Schraubendreher mit Isolierung";"Insulated screwdriver";"Yalıtımlı tornavida";"مفك براغي معزول";;"Elektrotechnik";;
"1474";"183";"Pince coupante";"Seitenschneider";"Side cutters";"Yan kesici";"مقصات جانبية";;"Elektrotechnik";;
"1154";"183";"Testeur de phase";"Phasenprüfer";"Phase tester";"Faz test cihazı";"جهاز اختبار الطور";;"Elektrotechnik";;
"115";"184";"Atome";"Atom";"Atom";"Atom";"أتوم";;"Elektrotechnik";;
"116";"184";"Enveloppe atomique";"Atomhülle";"Atomic shell";"Atom kabuğu";"الغلاف الذري";;"Elektrotechnik";;
"117";"184";"Noyau atomique";"Atomkern";"Atomic nucleus";"Atom çekirdeği";"نواة ذرية";;"Elektrotechnik";;
"741";"184";"lon";"lon";"ion";"iyon";"أيون";;"Elektrotechnik";;
"1077";"184";"neutron";"Neutron";"Neutron";"Nötron";"النيوترون";;"Elektrotechnik";;
"742";"184";"lon, chargé positivement une fois";"lon, 1-fach positiv geladen";"ion, with a single positive charge";"tek pozitif yüklü iyon";"أيون ذو شحنة موجبة واحدة";;"Elektrotechnik";;
"743";"184";"lon, chargé deux fois négativement";"lon, 2-fach negativ geladen";"ion, negatively charged (2x)";"ion, negatif yüklü (2x)";"أيون، ذو شحنة سالبة (2x)";;"Elektrotechnik";;
"1198";"184";"Proton";"Proton";"Proton";"Proton";"بروتون";;"Elektrotechnik";;
"933";"185";"Éclairage";"Licht";"Light";"Işık";"الضوء";;"Elektrotechnik";;
"988";"185";"Train à sustentation magnétique";"Magnetschwebebahn";"Maglev";"Manyetik Levitasyon";"المغناطيسي";;"Elektrotechnik";;
"1904";"185";"Effet optique";"Wirkung, optisch";"Effect, optical";"Etki, optik";"التأثير البصري";;"Elektrotechnik";;
"1831";"185";"Chaleur";"Wärme";"Heat";"Isı";"الحرارة";;"Elektrotechnik";;
"1903";"185";"Effet magnétique";"Wirkung, magnetisch";"Effect, magnetic";"Etki, manyetik";"التأثير المغناطيسي";;"Elektrotechnik";;
"1906";"185";"Effet thermique";"Wirkung, thermisch";"Effect, thermal";"Etki, termal";"التأثير الحراري";;"Elektrotechnik";;
"376";"186";"Électrolyse";"Elektrolyse";"Electrolysis";"Elektroliz";"التحليل الكهربائي";;"Elektrotechnik";;
"378";"186";"Membrane électrolytique";"Elektrolyt-Membran";"Electrolyte membrane";"Elektrolit membranı";"غشاء إلكتروليت";;"Elektrotechnik";;
"769";"186";"Cathode 168,";"Katode 168,";"Cathode 168,";"Katot 168,";"الكاثود 168،";;"Elektrotechnik";;
"1858";"186";"Hydrogène";"Wasserstoff";"Hydrogen";"Hidrojen";"الهيدروجين";;"Elektrotechnik";;
"1902";"186";"Effet chimique";"Wirkung, chemisch";"Effect, chemical";"Etki, kimyasal";"التأثير الكيميائي";;"Elektrotechnik";;
"604";"186";"Courant continu";"Gleichstrom";"Direct current";"Doğru akım";"التيار المباشر";;"Elektrotechnik";;
"384";"187";"déficit en électrons";"Elektronenmangel";"Electron deficiency";"Elektron eksikliği";"نقص الإلكترونات";;"Elektrotechnik";;
"385";"187";"excès d'électrons";"Elektronenüberschuss";"Excess of electrons";"Elektron fazlalığı";"فائض الإلكترونات";;"Elektrotechnik";;
"603";"187";"Tension continue";"Gleichspannung";"Direct voltage";"Doğru gerilim";"الجهد المباشر";;"Elektrotechnik";;
"1846";"187";"Avertissement concernant la tension électrique";"Warnung vor elektrischer Spannung";"Warning of electrical voltage";"Elektrik gerilimi uyarısı";"تحذير من الجهد الكهربائي";;"Elektrotechnik";;
"1865";"187";"Tension alternative";"Wechselspannung";"AC voltage";"Alternatif gerilim";"الجهد المتردد";;"Elektrotechnik";;
"1905";"187";"Effet physiologique";"Wirkung, physiologisch";"Effect, physiological";"Etki, fizyolojik";"التأثير الفسيولوجي";;"Elektrotechnik";;
"1920";"187";"Temps t en secondes";"Zeit t in Sekunden";"Time t in seconds";"Saniye cinsinden t süresi";"الزمن t بالثواني";;"Elektrotechnik";;
"1518";"187";"Tension U";"Spannung U";"Voltage U";"Gerilim U";"الجهد U";;"Elektrotechnik";;
"184";"188";"Matériel électrique";"Betriebsmittel, elektrisch";"Electrical equipment";"Elektrikli ekipman";"المعدات الكهربائية";;"Elektrotechnik";;
"383";"188";"flux d'électrons";"Elektronenfluss";"Electron flow";"Elektron akışı";"تدفق الإلكترونات";;"Elektrotechnik";;
"697";"188";"Panneau indicateur";"Hinleiter";"Anterior branch";"Ön dal";"الفرع الأمامي";;"Elektrotechnik";;
"902";"188";"équilibrage de charge";"Ladungsausgleich";"Charge balancing";"Yük dengeleme";"توازن الشحنة";;"Elektrotechnik";;
"1638";"188";"Sens du courant, technique";"Stromrichtung, technisch";"Current direction, technical";"Akım yönü, teknik";"اتجاه التيار، من الناحية التقنية";;"Elektrotechnik";;
"1640";"188";"Intensité du courant, électrique";"Stromstärke, elektrisch";"Current, electrical";"Akım, elektriksel";"التيار الكهربائي";;"Elektrotechnik";;
"1318";"188";"Conducteur de retour";"Rückleiter";"Return conductor";"Geri dönüş iletkeni";"موصل العودة";;"Elektrotechnik";;
"1632";"188";"Courant";"Strom";"Current";"Akım";"التيار";;"Elektrotechnik";;
"1633";"188";"Débit";"Stromfluss";"Current flow";"Akım akışı";"تدفق التيار";;"Elektrotechnik";;
"1525";"188";"Source de tension";"Spannungsquelle";"Voltage source";"Gerilim kaynağı";"مصدر الجهد";;"Elektrotechnik";;
"83";"189";"amplitude";"Amplitude";"Amplitude";"Genlik";"السعة";;"Elektrotechnik";;
"292";"189";"Courant triphasé";"Drehstrom";"Three-phase current";"Üç fazlı akım";"التيار ثلاثي الأطوار";;"Elektrotechnik";;
"299";"189";"Courant alternatif triphasé";"Dreiphasen-Wechselstrom";"Three-phase alternating current";"Üç fazlı alternatif akım";"التيار المتردد ثلاثي الأطوار";;"Elektrotechnik";;
"1144";"189";"Période";"Periode";"Period";"Periyot";"الفترة";;"Elektrotechnik";;
"1782";"189";"Profil sinusoïdal";"Verlauf, sinusförmig";"Waveform, sinusoidal";"Dalga şekli, sinüzoidal";"شكل الموجة، جيبي";;"Elektrotechnik";;
"1866";"189";"Courant alternatif";"Wechselstrom";"Alternating current";"Alternatif akım";"التيار المتردد";;"Elektrotechnik";;
"1639";"189";"Intensité du courant |";"Stromstärke |";"Current |";"Akım |";"التيار |";;"Elektrotechnik";;
"1153";"189";"Phase";"Phase";"Phase";"Faz";"الطور";;"Elektrotechnik";;
"497";"190";"Date externe";"Fremdatom";"External clock";"Harici saat";"الساعة الخارجية";;"Elektrotechnik";;
"922";"190";"Longueur du conducteur";"Leiterlänge";"Conductor length";"İletken uzunluğu";"طول الموصل";;"Elektrotechnik";;
"924";"190";"Section du conducteur";"Leiterquerschnitt";"Conductor cross-sectional area";"İletken kesit alanı";"مساحة المقطع العرضي للموصل";;"Elektrotechnik";;
"1106";"190";"Loi d'Ohm";"Ohmsche Gesetz";"Ohm's Law";"Ohm Kanunu";"قانون أوم";;"Elektrotechnik";;
"381";"190";"Électron libre";"Elektron, frei beweglich";"Electron, freely moving";"Serbestçe hareket eden elektron";"الإلكترون المتحرك بحرية";;"Elektrotechnik";;
"1021";"190";"Lon métallique";"Metall-lon";"Metal ion";"Metal iyonu";"أيون معدني";;"Elektrotechnik";;
"1754";"190";"Triangle U-R-I";"U-R-I-Dreieck";"U-R-I triangle";"U-R-I üçgeni";"مثلث U-R-I";;"Elektrotechnik";;
"1889";"190";"Résistance électrique";"Widerstand, elektrisch";"Electrical resistance";"Elektrik direnci";"المقاومة الكهربائية";;"Elektrotechnik";;
"1891";"191";"Courbe caractéristique de résistance";"Widerstandskennlinie";"Resistance characteristic curve";"Direnç karakteristik eğrisi";"منحنى خصائص المقاومة";;"Elektrotechnik";;
"1651";"192";"Tension partielle U";"Teilspannung U";"Partial voltage U";"Kısmi gerilim U";"الجهد الجزئي U";;"Elektrotechnik";;
"567";"192";"Tension totale U";"Gesamtspannung U";"Total voltage U";"Toplam gerilim U";"الجهد الكلي U";;"Elektrotechnik";;
"568";"192";"Intensité totale |";"Gesamtstromstärke |";"Total current |";"Toplam akım |";"التيار الكلي |";;"Elektrotechnik";;
"1246";"192";"Montage en série";"Reihenschaltung";"Series connection";"Seri bağlantı";"التوصيل التسلسلي";;"Elektrotechnik";;
"1652";"193";"Intensité partielle |";"Teilstromstärke |";"Partial current |";"Kısmi akım |";"التيار الجزئي |";;"Elektrotechnik";;
"1131";"193";"Montage en parallèle";"Parallelschaltung";"Parallel connection";"Paralel bağlantı";"التوصيل المتوازي";;"Elektrotechnik";;
"10";"194";"déroulé";"abgewickelt";"unwound";"sargısız";"غير ملفوف";;"Elektrotechnik";;
"122";"194";"enroulé";"aufgewickelt";"wound";"sargılı";"ملفوف";;"Elektrotechnik";;
"918";"194";"Puissance électrique";"Leistung, elektrisch";"Electrical power";"Elektrik gücü";"الطاقة الكهربائية";;"Elektrotechnik";;
"755";"194";"Enrouleur de câble";"Kabeltrommel";"Cable drum";"Kablo makarası";"بكرة الكابل";;"Elektrotechnik";;
"1707";"194";"Plaque signalétique d'une perceuse à main";"Typenschild einer Handbohrmaschine";"Nameplate of a hand drill";"El matkabının tip plakası";"لوحة بيانات مثقاب يدوي";;"Elektrotechnik";;
"1708";"194";"Plaque signalétique d'un enrouleur de câble";"Typenschild einer Kabeltrommel";"Nameplate of a cable reel";"Kablo makarasının tip plakası";"لوحة تعريف بكرة الكابل";;"Elektrotechnik";;
"1863";"194";"Watt (W), unité";"Watt (W), Einheit";"Watt (W), unit";"Watt (W), birim";"الواط (W)، وحدة";;"Elektrotechnik";;
"104";"195";"Travail, électrique";"Arbeit, elektrisch";"Work, electrical";"Elektrik iş";"العمل الكهربائي";;"Elektrotechnik";;
"784";"195";"Kilowattheure (kWh), unité";"Kilowattstunde (kWh), Einheit";"Kilowatt-hour (kWh), unit";"Kilovat-saat (kWh), birim";"كيلوواط/ساعة (kWh)، وحدة";;"Elektrotechnik";;
"1644";"195";"Compteur de courant";"Stromzähler";"Electricity meter";"Elektrik sayacı";"عداد الكهرباء";;"Elektrotechnik";;
"467";"196";"Goupille plate";"Flachstecker";"Flat plug";"Düz fiş";"قابس مسطح";;"Elektrotechnik";;
"1429";"196";"fiche Schuko";"Schuko-Stecker";"Schuko plug";"Schuko fişi";"قابس شوكو";;"Elektrotechnik";;
"1436";"196";"Classe de protection";"Schutzklasse";"Protection class";"Koruma sınıfı";"فئة الحماية";;"Elektrotechnik";;
"1438";"196";"Prise de terre";"Schutzkontakt";"Protective contact";"Koruyucu kontak";"مقبس أمان";;"Elektrotechnik";;
"1428";"197";"Multiprise Schuko";"Schuko-Steckdosenleiste";"Schuko power strip";"Schuko çoklu priz";"موزع كهربائي من نوع شوكو";;"Elektrotechnik";;
"1592";"197";"Prise pour fiche plate";"Steckdose für Flachstecker";"Outlet for flat plugs";"Düz fişler için priz";"مأخذ للمقابس المسطحة";;"Elektrotechnik";;
"1593";"197";"Fiche";"Stecker";"Plug";"Fiş";"القابس";;"Elektrotechnik";;
"254";"198";"Prise CEE";"CEE-Steckdose";"CEE socket";"CEE prizi";"مقبس CEE";;"Elektrotechnik";;
"298";"198";"Tension alternative triphasée";"Dreiphasen-Wechselspannung";"Three-phase AC voltage";"Üç fazlı AC gerilim";"جهد التيار المتردد ثلاثي الأطوار";;"Elektrotechnik";;
"300";"198";"3 pôles";"3-polig";"3-pole";"3 kutuplu";"ثلاثي الأقطاب";;"Elektrotechnik";;
"349";"198";"Tension alternative monophasée";"Einphasen-Wechselspannung";"Single-phase AC voltage";"Tek fazlı AC gerilim";"جهد التيار المتردد أحادي الطور";;"Elektrotechnik";;
"255";"198";"Fiche CEE, 5 broches";"CEE-Stecker, 5-polig";"CEE plug, 5-pin";"CEE fişi, 5 pimli";"قابس CEE، 5 سنون";;"Elektrotechnik";;
"1070";"198";"Réseau, 230 V";"Netz, 230 V";"Mains, 230 V";"Şebeke, 230 V";"التيار الكهربائي، 230 فولت";;"Elektrotechnik";;
"1071";"198";"Réseau, 400 V";"Netz, 400 V";"Mains, 400 V";"Şebeke, 400 V";"تيار كهربائي، 400 فولت";;"Elektrotechnik";;
"1427";"198";"Prise Schuko";"Schuko-Steckdose";"Schuko outlet";"Schuko prizi";"مأخذ شوكو";;"Elektrotechnik";;
"1585";"198";"Courant fort";"Starkstrom";"High-voltage current";"Yüksek gerilim akımı";"تيار عالي الجهد";;"Elektrotechnik";;
"296";"199";"3 fils";"3-adrig";"3-wire";"3 telli";"3 أسلاك";;"Elektrotechnik";;
"508";"199";"5 fils";"5-adrig";"5-wire";"5 telli";"5 أسلاك";;"Elektrotechnik";;
"748";"199";"Gaine isolante";"Isolierhülle";"Insulation";"İzolasyon";"العزل";;"Elektrotechnik";;
"752";"199";"Câble isolé";"Kabel, isoliert";"Insulated cable";"Yalıtımlı kablo";"كابل معزول";;"Elektrotechnik";;
"885";"199";"Toron de cuivre";"Kupferlitze";"Copper stranded wire";"Bakır örgülü tel";"سلك نحاسي مجدول";;"Elektrotechnik";;
"992";"199";"Câble sous gaine";"Mantelleitung";"Sheathed cable";"Kılıflı kablo";"كابل مغلف";;"Elektrotechnik";;
"1076";"199";"Conducteur neutre";"Neutralleiter";"Neutral conductor";"Nötr iletken";"موصل محايد";;"Elektrotechnik";;
"1094";"199";"conducteur neutre";"Nullleiter";"Neutral conductor";"Nötr iletken";"الموصل المحايد";;"Elektrotechnik";;
"921";"199";"Conducteur, sous tension";"Leiter, stromführend";"Conductor, live";"İletken, canlı";"موصل، تحت الجهد";;"Elektrotechnik";;
"925";"199";"Câble, électrique";"Leitung, elektrisch";"Electrical cable";"Elektrik kablosu";"كابل كهربائي";;"Elektrotechnik";;
"57";"200";"Batterie";"Akku";"Rechargeable battery";"Şarj edilebilir pil";"بطارية قابلة لإعادة الشحن";;"Elektrotechnik";;
"60";"200";"Perceuse sans fil";"Akku-Bohrmaschine";"Cordless drill";"Akülü matkap";"مثقاب لاسلكي";;"Elektrotechnik";;
"62";"200";"Accumulateur";"Akkumulator";"Rechargeable battery";"Şarj edilebilir pil";"بطارية قابلة لإعادة الشحن";;"Elektrotechnik";;
"168";"200";"Batterie";"Batterie";"Battery";"Pil";"البطارية";;"Elektrotechnik";;
"382";"200";"flux d'électrons";"Elektronenfluss";"Electron flow";"Elektron akışı";"تدفق الإلكترونات";;"Elektrotechnik";;
"1065";"200";"Sodium";"Natrium";"Sodium";"Sodyum";"الصوديوم";;"Elektrotechnik";;
"336";"201";"Dynamo";"Dynamo";"Dynamo";"Dinamo";"دينامو";;"Elektrotechnik";;
"367";"201";"Noyau en fer";"Eisenkern";"Iron core";"Demir çekirdek";"لب الحديد";;"Elektrotechnik";;
"558";"201";"Générateur mobile";"Generator, mobil";"Generator, portable";"Jeneratör, taşınabilir";"مولد كهربائي محمول";;"Elektrotechnik";;
"559";"201";"Principe du générateur";"Generatorprinzip";"Generator principle";"Jeneratör prensibi";"مبدأ عمل المولد";;"Elektrotechnik";;
"985";"201";"Aimant";"Magnet";"Magnet";"Mıknatıs";"المغناطيس";;"Elektrotechnik";;
"1194";"201";"Bobine primaire";"Primärspule";"Primary coil";"Birincil bobin";"الملف الأولي";;"Elektrotechnik";;
"1689";"201";"Principe du transformateur";"Transformatorprinzip";"Transformer principle";"Transformatör prensibi";"مبدأ عمل المحول";;"Elektrotechnik";;
"1459";"201";"Transformateur de soudage";"Schweißtransformator";"Welding transformer";"Kaynak transformatörü";"محول اللحام";;"Elektrotechnik";;
"1476";"201";"Bobine secondaire";"Sekundärspule";"Secondary coil";"İkincil bobin";"الملف الثانوي";;"Elektrotechnik";;
"1512";"201";"Cellule solaire";"Solarzelle";"Solar cell";"Güneş pili";"الخلية الشمسية";;"Elektrotechnik";;
"1555";"201";"Bobine";"Spule";"Coil";"Bobin";"ملف";;"Elektrotechnik";;
"291";"202";"Commutateur rotatif";"Drehschalter";"Rotary switch";"Döner anahtar";"مفتاح دوار";;"Elektrotechnik";;
"431";"202";"Disjoncteur différentiel";"Fehlerstromschutzschalter";"Ground fault circuit interrupter";"Toprak kaçağı devre kesici";"قاطع الدائرة في حالة العطل الأرضي";;"Elektrotechnik";;
"787";"202";"Interrupteur à bascule";"Kippschalter";"Toggle switch";"Çıtçıt anahtarı";"مفتاح تبديل";;"Elektrotechnik";;
"1047";"202";"Disjoncteur de protection du moteur";"Motorschutzschalter";"Motor protection switch";"Motor koruma anahtarı";"مفتاح حماية المحرك";;"Elektrotechnik";;
"1089";"202";"Interrupteur d'arrêt d'urgence";"Not-Aus-Schalter";"Emergency stop switch";"Acil durdurma anahtarı";"مفتاح الإيقاف في حالات الطوارئ";;"Elektrotechnik";;
"1901";"202";"Interrupteur à bascule";"Wippschalter";"Rocker switch";"Basmalı anahtar";"مفتاح متأرجح";;"Elektrotechnik";;
"451";"202";"Disjoncteur différentiel";"FI-Schutzschalter";"Residual current circuit breaker";"Artık akım devre kesici";"قاطع الدائرة للتيار المتبقي";;"Elektrotechnik";;
"1442";"202";"Disjoncteur différentiel";"Schutzschalter,FI";"Circuit breaker, RCD";"Devre kesici, RCD";"قاطع الدائرة الكهربائية، RCD";;"Elektrotechnik";;
"657";"203";"Installation de dérivation domestique";"Hausabnehmeranlage";"Household power distribution system";"Ev tipi güç dağıtım sistemi";"نظام توزيع الطاقة المنزلي";;"Elektrotechnik";;
"433";"203";"Fusible de faible intensité";"Feinsicherung";"Micro fuse";"Mikro sigorta";"صمامات صغيرة";;"Elektrotechnik";;
"1486";"203";"Disjoncteur";"Sicherungsautomat";"Circuit breaker";"Devre kesici";"قاطع الدائرة";;"Elektrotechnik";;
"1440";"203";"Relais de protection";"Schutzrelais";"Protective relay";"Koruma rölesi";"مرحل الحماية";;"Elektrotechnik";;
"1491";"203";"Boîtier de sécurité";"Sicherungskasten";"Fuse box";"Sigorta kutusu";"صندوق المصاهر";;"Elektrotechnik";;
"1749";"203";"Répartiteur secondaire";"Unterverteiler";"Subdistribution panel";"Alt dağıtım paneli";"لوحة التوزيع الفرعية";;"Elektrotechnik";;
"1485";"203";"Fusible";"Sicherung";"Fuse";"Sigorta";"الصمامات";;"Elektrotechnik";;
"928";"204";"Disjoncteur de protection de ligne";"Leitungsschutzschalter";"Circuit breaker";"Devre kesici";"قاطع الدائرة";;"Elektrotechnik";;
"1072";"204";"Raccordement au réseau";"Netzanschluss";"Mains connection";"Şebeke bağlantısı";"توصيل التيار الرئيسي";;"Elektrotechnik";;
"1200";"204";"Bouton de test";"Prüftaste";"Test button";"Test düğmesi";"زر الاختبار";;"Elektrotechnik";;
"1232";"204";"Dispositif de protection contre les courants de fuite (RCD)";"RCD-Fehlerstromschutzeinrichtung";"RCD (residual current device)";"RCD (artık akım cihazı)";"جهاز الحماية من التيار المتبقي (RCD)";;"Elektrotechnik";;
"1385";"204";"Fusible";"Schmelzsicherung";"Fuse";"Sigorta";"الصمامات";;"Elektrotechnik";;
"1774";"204";"Raccordement du consommateur";"Verbraucheranschluss";"Load connection";"Yük bağlantısı";"توصيل الحمل";;"Elektrotechnik";;
"276";"205";"Dipôle";"Dipol";"Dipole";"Dipol";"ثنائي القطب";;"Elektrotechnik";;
"1523";"205";"Testeur de tension, unipolaire";"Spannungsprüfer, einpolig";"Voltage tester, single-pole";"Gerilim test cihazı, tek kutuplu";"جهاز اختبار الجهد، أحادي القطب";;"Elektrotechnik";;
"1524";"205";"Testeur de tension, bipolaire";"Spannungsprüfer, zweipolig";"Voltage tester, two-pole";"Gerilim test cihazı, iki kutuplu";"جهاز فحص الجهد، ثنائي القطب";;"Elektrotechnik";;
"1917";"205";"Ampèremètre à pince";"Zangenstrommessgerät";"Clamp-on current meter";"Kelepçeli akım ölçer";"مقياس التيار القابل للتثبيت";;"Elektrotechnik";;
"1636";"205";"Pince ampèremétrique";"Strommesszange";"Clamp-on current meter";"Kelepçeli akım ölçer";"مقياس التيار القابل للتثبيت";;"Elektrotechnik";;
"1794";"205";"Appareil de mesure multiple, analogique";"Vielfachmessgerät, analog";"Analog multimeter";"Analog multimetre";"مقياس متعدد تناظري";;"Elektrotechnik";;
"1053";"205";"Multimètre";"Multimeter";"Multimeter";"Multimetre";"مقياس متعدد";;"Elektrotechnik";;
"275";"206";"numérique";"digital";"digital";"dijital";"رقمي";;"Elektrotechnik";;
"278";"206";"Écran";"Display";"Display";"Ekran";"شاشة";;"Elektrotechnik";;
"509";"206";"Sélecteur de fonction et de plage de mesure";"Funktions- und Messbereichswählschalter";"Function and range selector switch";"İşlev ve aralık seçme anahtarı";"مفتاح اختيار الوظيفة والنطاق";;"Elektrotechnik";;
"1027";"206";"Prise de pôle négatif";"Minuspol-Buchse";"Negative terminal jack";"Negatif uç jakı";"مقبس الطرف السالب";;"Elektrotechnik";;
"1163";"206";"Prise de pôle positif";"Pluspol-Buchse";"Positive terminal jack";"Pozitif terminal jakı";"مقبس الطرف الموجب";;"Elektrotechnik";;
"1793";"206";"Compteur multiple";"Vielfachmessgerät";"Multifunction meter";"Çok fonksiyonlu ölçüm cihazı";"مقياس متعدد الوظائف";;"Elektrotechnik";;
"293";"207";"Compteur de courant triphasé";"Drehstromzähler";"Three-phase meter";"Üç fazlı ölçüm cihazı";"مقياس ثلاثي الأطوار";;"Elektrotechnik";;
"1126";"207";"Oscilloscope";"Oszilloskop";"Oscilloscope";"Osiloskop";"مذبذب";;"Elektrotechnik";;
"1867";"207";"Compteur de courant alternatif";"Wechselstromzähler";"AC meter";"AC ölçüm cihazı";"عداد التيار المتردد";;"Elektrotechnik";;
"1909";"207";"Disque de comptage";"Zählscheibe";"Counting disc";"Sayım diski";"قرص العد";;"Elektrotechnik";;
"1910";"207";"Compteur";"Zählwerk";"Counter";"Sayaç";"عداد";;"Elektrotechnik";;
"1641";"208";"Mesure de l'intensité";"Stromstärkemessung";"Current measurement";"Akım ölçümü";"قياس التيار";;"Elektrotechnik";;
"1522";"208";"Mesure de tension";"Spannungsmessung";"Voltage measurement";"Gerilim ölçümü";"قياس الجهد";;"Elektrotechnik";;
"1635";"208";"Mesure du courant";"Strommessung";"Current measurement";"Akım ölçümü";"قياس التيار";;"Elektrotechnik";;
"1637";"208";"Source de courant";"Stromquelle";"Current source";"Akım kaynağı";"مصدر التيار";;"Elektrotechnik";;
"1894";"209";"Mesure de résistance";"Widerstandsmessung";"Resistance measurement";"Direnç ölçümü";"قياس المقاومة";;"Elektrotechnik";;
"996";"211";"Dimensions en cm";"Maße in cm";"Dimensions in cm";"Boyutlar (cm)";"الأبعاد بالسنتيمتر";;"Elektrotechnik";;
"1445";"211";"Zones de protection ; tous les consommables sont autorisés en dehors de ces zones";"Schutzzonen, außerhalb alle Verbrauchsmittel erlaubt";"Protection zones; all consumables permitted outside these zones";"Koruma bölgeleri; bu bölgelerin dışında tüm sarf malzemeleri kullanılabilir";"مناطق الحماية؛ يُسمح باستخدام جميع المواد الاستهلاكية خارج هذه المناطق";;"Elektrotechnik";;
"1432";"211";"Zone de protection";"Schutzbereich";"Protection area";"Koruma alanı";"منطقة الحماية";;"Elektrotechnik";;
"1852";"211";"Chauffe-eau électrique";"Wassererwärmer, elektrisch";"Electric water heater";"Elektrikli su ısıtıcısı";"سخان المياه الكهربائي";;"Elektrotechnik";;
"1102";"211";"Niveau supérieur du sol fini (OKFF)";"Oberkante Fertig-Fußboden (OKFF)";"Top edge of finished floor (TEFF)";"Bitmiş zeminin üst kenarı (TEFF)";"الحافة العلوية للأرضية النهائية (TEFF)";;"Elektrotechnik";;
"99";"212";"Antenne";"Antenne";"Antenna";"Anten";"الهوائي";;"Elektrotechnik";;
"436";"212";"Installation de télécommunication";"Fernmeldeanlage";"Telecommunications system";"Telekomünikasyon sistemi";"نظام الاتصالات";;"Elektrotechnik";;
"507";"212";"Fondation";"Fundament";"Foundation";"Temel";"الأساس";;"Elektrotechnik";;
"683";"212";"Conduite de chauffage";"Heizungsrohr";"Heating pipe";"Isıtma borusu";"أنبوب التدفئة";;"Elektrotechnik";;
"1179";"212";"Conducteur d'équilibrage de potentiel";"Potentialausgleichsleiter";"Equipotential bonding conductor";"Eşpotansiyel bağlantı iletkeni";"موصل ربط متساوي الجهد";;"Elektrotechnik";;
"212";"212";"Protection contre la foudre";"Blitzschutz";"Lightning protection";"Yıldırımdan korunma";"الحماية من الصواعق";;"Elektrotechnik";;
"654";"212";"Barre de mise à la terre principale";"Haupterdungsschiene";"Main grounding busbar";"Ana topraklama barası";"قضيب التوصيل الأرضي الرئيسي";;"Elektrotechnik";;
"1713";"212";"Parafoudre";"Überspannungsableiter";"Surge arrester";"Aşırı gerilim önleyici";"مانع الصواعق";;"Elektrotechnik";;
"1856";"212";"Conduite d'eau";"Wasserrohr";"Water pipe";"Su borusu";"أنبوب المياه";;"Elektrotechnik";;
"557";"213";"Générateur";"Generator";"Generator";"Jeneratör";"المولد";;"Elektrotechnik";;
"602";"213";"Redresseur";"Gleichrichter";"Rectifier";"Doğrultucu";"المقوم";;"Elektrotechnik";;
"906";"213";"Lampe";"Lampe";"Lamp";"Lamba";"مصباح";;"Elektrotechnik";;
"919";"213";"conducteur";"Leiter";"Conductor";"İletken";"موصل";;"Elektrotechnik";;
"1073";"213";"Appareil de raccordement au réseau";"Netzanschlussgerät";"Power supply unit";"Güç kaynağı ünitesi";"وحدة تزويد الطاقة";;"Elektrotechnik";;
"1180";"213";"Potentiomètre";"Potenziometer";"Potentiometer";"Potansiyometre";"مقياس الجهد";;"Elektrotechnik";;
"1634";"213";"Appareil de mesure du courant";"Strommessgerät";"Current meter";"Akım ölçer";"مقياس التيار";;"Elektrotechnik";;
"1887";"213";"Résistance";"Widerstand";"Resistor";"Direnç";"المقاوم";;"Elektrotechnik";;
"1890";"213";"Résistance variable";"Widerstand, veränderbar";"Variable resistor";"Değişken direnç";"مقاوم متغير";;"Elektrotechnik";;
"42";"218";"Égout";"Abwasserkanal";"Sewer";"Kanalizasyon";"شبكة الصرف الصحي";;"Sanitärtechnik";;
"658";"218";"Conduite de raccordement domestique (HAL)";"Hausanschlussleitung (HAL)";"Service connection (HAL)";"Hizmet bağlantısı (HAL)";"وصلة الخدمة (HAL)";;"Sanitärtechnik";;
"1258";"218";"Conduite annulaire";"Ringleitung";"Loop line";"Döngü hattı";"خط حلقي";;"Sanitärtechnik";;
"1787";"218";"conduite d'alimentation";"Versorgungsleitung";"Supply line";"Besleme hattı";"خط الإمداد";;"Sanitärtechnik";;
"1788";"218";"Réseau d'alimentation";"Versorgungsnetz";"Supply network";"Besleme ağı";"شبكة الإمداد";;"Sanitärtechnik";;
"725";"219";"Bouche d'incendie DN 100";"Hydrant DN 100";"Hydrant DN 100";"Yangın hidrantı DN 100";"صنبور إطفاء DN 100";;"Sanitärtechnik";;
"698";"219";"Panneaux d'information";"Hinweisschilder";"Information signs";"Bilgilendirme levhaları";"لافتات إرشادية";;"Sanitärtechnik";;
"856";"219";"Boîtier à billes";"Kugelgehäuse";"Ball valve housing";"Küresel vana gövdesi";"غلاف الصمام الكروي";;"Sanitärtechnik";;
"1631";"219";"Couvercle de regard";"Straßenkappe";"Street cover";"Sokak kapağı";"غطاء الشارع";;"Sanitärtechnik";;
"1741";"219";"Bouche d'incendie encastrée";"Unterflurhydrant";"Underground hydrant";"Yer altı hidrantı";"صنبور إطفاء تحت الأرض";;"Sanitärtechnik";;
"1795";"219";"Protecteur de profilé carré";"Vierkantschoner";"Square protector";"Kare koruyucu";"واقي مربع";;"Sanitärtechnik";;
"1543";"219";"Broche";"Spindel";"Spindle";"Mil";"المحور";;"Sanitärtechnik";;
"84";"220";"Perçage";"Anbohren";"Tapping";"Bağlantı";"صنبور";;"Sanitärtechnik";;
"661";"220";"Entrée de bâtiment";"Hauseinführung";"Building entry";"Bina girişi";"مدخل المبنى";;"Sanitärtechnik";;
"1760";"220";"Collier de serrage pour vanne";"Ventilanbohrschelle";"Valve tapping clamp";"Vana bağlantı kelepçesi";"مشبك توصيل الصمام";;"Sanitärtechnik";;
"96";"220";"Conduite de raccordement";"Anschlussleitung";"Connection pipe";"Bağlantı borusu";"أنبوب التوصيل";;"Sanitärtechnik";;
"43";"221";"Conduite d'eaux usées";"Abwasserleitung";"Sewage line";"Kanalizasyon hattı";"خط الصرف الصحي";;"Sanitärtechnik";;
"659";"221";"Local de raccordement domestique";"Hausanschlussraum";"Service connection room";"Hizmet bağlantı odası";"غرفة توصيلات الخدمة";;"Sanitärtechnik";;
"663";"221";"Compteur d'eau domestique";"Hauswasserzähler";"Household water meter";"Ev su sayacı";"عداد المياه المنزلي";;"Sanitärtechnik";;
"686";"221";"Retour de chauffage";"Heizungsrücklauf";"Heating return";"Isıtma dönüş hattı";"خط العودة للتدفئة";;"Sanitärtechnik";;
"688";"221";"Départ de chauffage";"Heizungsvorlauf";"Heating supply";"Isıtma beslemesi";"خط إمداد التدفئة";;"Sanitärtechnik";;
"1199";"221";"Orifice de contrôle";"Prüföffnung";"Inspection opening";"Denetim açıklığı";"فتحة الفحص";;"Sanitärtechnik";;
"395";"221";"vidange";"Entleerung";"Drain";"Drenaj";"المصرف";;"Sanitärtechnik";;
"1860";"221";"Compteur d'eau";"Wasseruhr";"Water meter";"Su sayacı";"عداد المياه";;"Sanitärtechnik";;
"1862";"221";"Système de comptage d'eau";"Wasserzählanlage";"Water metering system";"Su ölçüm sistemi";"نظام قياس استهلاك المياه";;"Sanitärtechnik";;
"1700";"221";"Conduite d'eau potable";"Trinkwasserleitung";"Drinking water line";"İçme suyu hattı";"خط مياه الشرب";;"Sanitärtechnik";;
"531";"221";"Conduite de gaz";"Gasleitung";"Gas line";"Gaz hattı";"خط الغاز";;"Sanitärtechnik";;
"17";"222";"Exemple de lecture";"Ablesebeispiel";"Reading example";"Okuma örneği";"مثال على القراءة";;"Sanitärtechnik";;
"340";"222";"Plomb de vérification";"Eichplombe";"Seal";"Conta";"الختم";;"Sanitärtechnik";;
"478";"222";"Roue à ailettes";"Flügelrad";"Impeller";"Pervane";"الدوار";;"Sanitärtechnik";;
"479";"222";"Compteur à hélice";"Flügelradzähler";"Vane meter";"Kanatlı sayaç";"عداد ريشي";;"Sanitärtechnik";;
"1303";"222";"Compteur à rouleaux";"Rollenzählwerk";"Roller counter";"Silindirli sayaç";"عداد الأسطوانة";;"Sanitärtechnik";;
"1907";"222";"Compteur d'eau domestique";"Wohnungswasserzähler";"Residential water meter";"Konut su sayacı";"عداد مياه منزلي";;"Sanitärtechnik";;
"163";"223";"automatique";"automatisch";"Automatic";"Otomatik";"تلقائي";;"Sanitärtechnik";;
"288";"223";"Capuchon rotatif avec échelle de pression";"Drehkappe mit Druckskala";"Rotating cap with pressure scale";"Basınç ölçeğine sahip döner kapak";"غطاء دوار مزود بمقياس ضغط";;"Sanitärtechnik";;
"307";"223";"Ressort de pression";"Druckfeder";"Pressure spring";"Basınç yayı";"نابض ضغط";;"Sanitärtechnik";;
"447";"223";"Filtre non rétrolavable";"Filter, nicht rückspülbar";"Filter, non-backwashable";"Filtre, geri yıkamalı olmayan";"مرشح، غير قابل للغسل العكسي";;"Sanitärtechnik";;
"448";"223";"Filtre à lavage à contre-courant";"Filter, rückspülbar";"Filter, backwashable";"Filtre, geri yıkamalı";"مرشح قابل للغسل العكسي";;"Sanitärtechnik";;
"993";"223";"manuel";"manuell";"Manual";"Manuel";"يدوي";;"Sanitärtechnik";;
"1002";"223";"Membrane";"Membran";"Diaphragm";"Diyafram";"غشاء";;"Sanitärtechnik";;
"1236";"223";"Vanne de régulation";"Regelventil";"Control valve";"Kontrol vanası";"صمام التحكم";;"Sanitärtechnik";;
"365";"224";"Conduite d'alimentation individuelle";"Einzelzuleitung";"Single supply line";"Tek besleme hattı";"خط إمداد واحد";;"Sanitärtechnik";;
"1342";"224";"Conduite d'alimentation";"Sammelzuleitung";"Collector line";"Toplayıcı hat";"خط تجميع";;"Sanitärtechnik";;
"1601";"224";"Colonne montante";"Steigleitung";"Riser";"Yükseltici";"الرافعة";;"Sanitärtechnik";;
"1616";"224";"Conduite d'étage";"Stockwerksleitung";"Floor line";"Zemin hattı";"خط الأرضية";;"Sanitärtechnik";;
"1792";"224";"Ligne de distribution";"Verteilungsleitung";"Distribution line";"Dağıtım hattı";"خط التوزيع";;"Sanitärtechnik";;
"1284";"225";"Système de tuyauterie avec branchements";"Rohrleitungssystem mit Stichleitungen";"Piping system with branch lines";"Dallı hatlara sahip boru sistemi";"نظام الأنابيب مع خطوط فرعية";;"Sanitärtechnik";;
"1629";"225";"Système de conduite de régulation avec raccords en boucle";"Strangleitungssystem mit eingeschleiften Anschlüssen";"Strangulation system with looped connections";"Döngüsel bağlantılı boğma sistemi";"نظام الخنق مع الوصلات الحلقيّة";;"Sanitärtechnik";;
"335";"226";"Diviseurs de flux dynamiques";"dynamische Strömungsteiler";"Dynamic flow dividers";"Dinamik akış bölücüler";"مقسمات التدفق الديناميكية";;"Sanitärtechnik";;
"1259";"226";"Système de circuit en boucle";"Ringleitungssystem";"Ring distribution system";"Halka dağıtım sistemi";"نظام التوزيع الحلقي";;"Sanitärtechnik";;
"1642";"226";"Diviseur de débit, statique";"Strömungsteiler, statisch";"Flow divider, static";"Akış bölücü, statik";"مقسم التدفق، ثابت";;"Sanitärtechnik";;
"1768";"226";"Diviseur de débit Venturi (VSt)";"Venturi-Strömungsteiler (VSt)";"Venturi flow divider (VSt)";"Venturi akış bölücü (VSt)";"مقسم التدفق من نوع فنتوري (VSt)";;"Sanitärtechnik";;
"496";"227";"Vanne à passage libre";"Freistromventil";"Free-flow valve";"Serbest akış valfi";"صمام التدفق الحر";;"Sanitärtechnik";;
"859";"227";"Robinet à boisseau sphérique";"Kugelhahn";"Ball valve";"Küresel vana";"صمام كروي";;"Sanitärtechnik";;
"562";"227";"Soupape à siège droit";"Geradsitzventil";"Globe valve";"Küresel vana";"صمام كروي";;"Sanitärtechnik";;
"815";"227";"Vanne à piston";"Kolbenschieber";"Piston valve";"Pistonlu vana";"صمام مكبس";;"Sanitärtechnik";;
"1648";"228";"Symbole, général";"Symbol, allgemein";"Symbol, general";"Sembol, genel";"الرمز، عام";;"Sanitärtechnik";;
"150";"229";"Sortie, libre";"Auslauf, frei";"Outlet, free";"Çıkış, serbest";"مخرج، حر";;"Sanitärtechnik";;
"829";"229";"ouverture de contrôle";"Kontrollöffnung";"Check port";"Kontrol portu";"منفذ فحص";;"Sanitärtechnik";;
"1026";"229";"Distance minimale";"Mindestabstand";"Minimum clearance";"Minimum açıklık";"الخلوص الأدنى";;"Sanitärtechnik";;
"1297";"229";"Séparateur de tuyaux avec zone de pression intermédiaire réglable";"Rohrtrenner mit kontrollierbarer Mitteldruckzone";"Pipe separator with controllable intermediate pressure zone";"Kontrol edilebilir ara basınç bölgeli boru ayırıcı";"فاصل الأنابيب مع منطقة ضغط وسيطة قابلة للتحكم";;"Sanitärtechnik";;
"1311";"229";"Clapet anti-retour avec vanne à insertion, réglable";"Rückflussverhinderer mit Einschubventil, kontrollierbar";"Backflow preventer with slide valve, controllable";"Sürgülü valfli geri akış önleyici, ayarlanabilir";"مانع التدفق العكسي مزود بصمام منزلق، قابل للتحكم";;"Sanitärtechnik";;
"1312";"229";"Clapet anti-retour, contrôlable";"Rückflussverhinderer, kontrollierbar";"Check valve, controllable";"Kontrol edilebilir çek valf";"صمام فحص، قابل للتحكم";;"Sanitärtechnik";;
"1313";"229";"Clapet anti-retour, non contrôlable";"Rückflussverhinderer, nicht kontrollierbar";"Backflow preventer, non-controllable";"Geri akış önleyici, kontrol edilemez";"مانع التدفق العكسي، غير قابل للتحكم";;"Sanitärtechnik";;
"1274";"230";"Aérateur de tuyau pour raccords de tuyaux";"Rohrbelüfter für Schlauchanschlüsse";"Pipe aerator for hose connections";"Hortum bağlantıları için boru havalandırıcı";"مهوية الأنابيب لتوصيلات الخراطيم";;"Sanitärtechnik";;
"1730";"230";"Commutateur sur un robinet de baignoire";"Umsteller an einer Wannenarmatur";"Diverter on a tub faucet";"Küvet musluğunda yön değiştirici";"محول على صنبور حوض الاستحمام";;"Sanitärtechnik";;
"1731";"230";"Commutateur automatique";"Umsteller, automatisch";"Diverter, automatic";"Otomatik yön değiştirici";"محول، أوتوماتيكي";;"Sanitärtechnik";;
"1273";"230";"Aérateur de tuyau";"Rohrbelüfter";"Pipe aerator";"Boru havalandırıcı";"مهوية الأنابيب";;"Sanitärtechnik";;
"297";"231";"Raccord à trois trous";"Dreilocharmatur";"Three-hole faucet";"Üç delikli musluk";"صنبور بثلاثة فتحات";;"Sanitärtechnik";;
"347";"231";"Robinetterie monotrou";"Einlocharmatur";"Single-hole faucet";"Tek delikli musluk";"صنبور بفتحة واحدة";;"Sanitärtechnik";;
"1919";"231";"Robinet de soutirage pour usage extérieur";"Zapfventil für den Außenbereich";"Outdoor tap";"Dış mekan musluğu";"صنبور خارجي";;"Sanitärtechnik";;
"1582";"231";"Modèle sur pied";"Standmodell";"Floor-standing model";"Zemin tipi model";"نموذج قائم على الأرض";;"Sanitärtechnik";;
"1819";"231";"Modèle mural";"Wandmodell";"Wall-mounted model";"Duvara monte model";"نموذج مثبت على الحائط";;"Sanitärtechnik";;
"1853";"231";"Robinets";"Wasserhähne";"Faucets";"Musluklar";"الحنفيات";;"Sanitärtechnik";;
"1952";"231";"Robinetterie à deux trous";"Zweilocharmatur";"Two-hole faucet";"İki delikli musluk";"صنبور ثنائي الفتحات";;"Sanitärtechnik";;
"153";"231";"Vanne de vidange";"Auslaufventil";"Spout valve";"Musluk ağzı vanası";"صمام الفوهة";;"Sanitärtechnik";;
"345";"232";"Mitigeur";"Einhebelmischer";"Single-lever mixer";"Tek kollu batarya";"خلاط ذو مقبض واحد";;"Sanitärtechnik";;
"1235";"232";"Dispositif de régulation";"Regeleinrichtung";"Control device";"Kontrol cihazı";"جهاز التحكم";;"Sanitärtechnik";;
"151";"232";"Bec, pivotant";"Auslauf, schwenkbar";"Swivel spout";"Döner musluk ağzı";"فوهة دوارة";;"Sanitärtechnik";;
"1537";"232";"Bouton de verrouillage";"Sperrknopf";"Lock button";"Kilitleme düğmesi";"زر القفل";;"Sanitärtechnik";;
"1659";"232";"Poignée de sélection de température";"Temperaturwahlgriff";"Temperature selector knob";"Sıcaklık seçme düğmesi";"مقبض اختيار درجة الحرارة";;"Sanitärtechnik";;
"1666";"232";"Mitigeur thermostatique";"Thermostatmischbatterie";"Thermostatic mixer";"Termostatik batarya";"صنبور ترموستاتي";;"Sanitärtechnik";;
"1950";"232";"Mitigeur à deux poignées";"Zweigriffmischbatterie";"Two-handle mixer";"İki kollu batarya";"خلاط بمقبضين";;"Sanitärtechnik";;
"1244";"232";"Régulateur";"Regler";"Control";"Kontrol";"التحكم";;"Sanitärtechnik";;
"16";"233";"Vanne de vidange";"Ablaufventil";"Drain valve";"Tahliye vanası";"صمام التصريف";;"Sanitärtechnik";;
"573";"233";"Tringlerie";"Gestänge";"Lever";"Kol";"ذراع";;"Sanitärtechnik";;
"1358";"233";"Vanne de vidange à tige";"Schaftablaufventil";"Shank drain valve";"Saplı tahliye vanası";"صمام تصريف ذو ساق";;"Sanitärtechnik";;
"1494";"233";"Tamis";"Sieb";"Strainer";"Süzgeç";"مصفاة";;"Sanitärtechnik";;
"1735";"233";"Vanne de vidange universelle";"Universalablaufventil";"Universal drain valve";"Üniversal tahliye vanası";"صمام تصريف عالمي";;"Sanitärtechnik";;
"1624";"233";"Bouchon";"Stopfen";"Plug";"Tapa";"سدادة";;"Sanitärtechnik";;
"1711";"233";"Trop-plein";"Überlauf";"Overflow";"Taşma";"فتحة الفائض";;"Sanitärtechnik";;
"137";"234";"Orifice de compensation";"Ausgleichsbohrung";"Balance hole";"Denge deliği";"فتحة التوازن";;"Sanitärtechnik";;
"665";"234";"Levier";"Hebel";"Lever";"Kol";"ذراع";;"Sanitärtechnik";;
"693";"234";"Vanne auxiliaire";"Hilfsventil";"Auxiliary valve";"Yardımcı vana";"صمام مساعد";;"Sanitärtechnik";;
"813";"234";"Piston";"Kolben";"Piston";"Piston";"المكبس";;"Sanitärtechnik";;
"814";"234";"Ressort de piston";"Kolbenfeder";"Piston spring";"Piston yayı";"نابض المكبس";;"Sanitärtechnik";;
"1298";"234";"Coupe-tube";"Rohrunterbrecher";"Pipe breaker";"Boru kırıcı";"كسر الأنابيب";;"Sanitärtechnik";;
"1556";"234";"Réglage du débit de rinçage";"Spülmengeneinstellung";"Flush volume adjustment";"Yıkama hacmi ayarı";"ضبط حجم التدفق";;"Sanitärtechnik";;
"1559";"234";"Réglage du débit de rinçage";"Spülstromeinstellung";"Flush flow adjustment";"Yıkama akış ayarı";"ضبط تدفق الشطف";;"Sanitärtechnik";;
"14";"235";"garniture d'écoulement";"Ablaufgarnitur";"Drain assembly";"Tahliye tertibatı";"مجموعة الصرف";;"Sanitärtechnik";;
"127";"235";"Réservoir de chasse d'eau apparent";"Aufputzspülkasten";"Surface-mounted cistern";"Yüzeye monte sifon";"خزان مركب على السطح";;"Sanitärtechnik";;
"155";"235";"bouton de déclenchement";"Auslösetaste";"Flush button";"Sifon düğmesi";"زر الشطف";;"Sanitärtechnik";;
"1249";"235";"Eau résiduelle";"Restwasser";"Residual water";"Kalan su";"المياه المتبقية";;"Sanitärtechnik";;
"504";"235";"Capacité de remplissage";"Füllmenge";"Filling capacity";"Doldurma kapasitesi";"سعة الملء";;"Sanitärtechnik";;
"506";"235";"Vanne de remplissage";"Füllventil";"Filling valve";"Doldurma vanası";"صمام التعبئة";;"Sanitärtechnik";;
"667";"235";"Cloche de levage";"Heberglocke";"Lift bell";"Kaldırma çanı";"جرس الرفع";;"Sanitärtechnik";;
"1746";"235";"Système de chasse d'eau encastré";"Unterputzspülsystem";"Concealed flushing system";"Gizli sifon sistemi";"نظام الشطف المخفي";;"Sanitärtechnik";;
"1935";"235";"Débit";"Zufluss";"Inlet";"Giriş";"مدخل";;"Sanitärtechnik";;
"1558";"235";"Tuyau de rinçage";"Spülrohr";"Flush pipe";"Sifon borusu";"أنبوب الشطف";;"Sanitärtechnik";;
"1562";"235";"Répartition de l'eau de rinçage";"Spülwasserverteilung";"Flush water distribution";"Sifon suyu dağıtımı";"توزيع مياه الشطف";;"Sanitärtechnik";;
"1100";"236";"Étage supérieur";"Obergeschoss";"Upper floor";"Üst kat";"الطابق العلوي";;"Sanitärtechnik";;
"763";"236";"Conduite d'eau froide";"Kaltwasserleitung";"Cold water line";"Soğuk su hattı";"خط المياه الباردة";;"Sanitärtechnik";;
"1698";"236";"Conduite d'eau chaude potable (PWH)";"Trinkwarmwasserleitung (PWH)";"Domestic hot water line (DHW)";"Kullanım sıcak suyu hattı (DHW)";"خط الماء الساخن المنزلي (DHW)";;"Sanitärtechnik";;
"1786";"236";"Alimentation, centrale";"Versorgung, zentral";"Central supply";"Merkezi besleme";"الإمداد المركزي";;"Sanitärtechnik";;
"1843";"236";"Conduite d'eau chaude";"Warmwasserleitung";"Hot water line";"Sıcak su hattı";"خط الماء الساخن";;"Sanitärtechnik";;
"1697";"236";"Conduite d'eau potable froide (PWC)";"Trinkkaltwasserleitung (PWC)";"Drinking cold water line (PWC)";"Soğuk içme suyu hattı (PWC)";"خط المياه الباردة الصالحة للشرب (PWC)";;"Sanitärtechnik";;
"1534";"236";"Chauffe-eau à accumulation";"Speicher-Trinkwassererwärmer";"Storage-type drinking water heater";"Depolamalı içme suyu ısıtıcısı";"سخان مياه الشرب من النوع التخزيني";;"Sanitärtechnik";;
"772";"236";"Cave";"Keller";"Basement";"Bodrum";"الطابق السفلي";;"Sanitärtechnik";;
"410";"236";"Rez-de-chaussée";"Erdgeschoss";"Ground floor";"Zemin kat";"الطابق الأرضي";;"Sanitärtechnik";;
"1614";"236";"Poteau, premier";"Stock,erster";"First floor";"Birinci kat";"الطابق الأول";;"Sanitärtechnik";;
"364";"237";"Alimentation individuelle";"Einzelversorgung";"Individual supply";"Bireysel tedarik";"الإمداد الفردي";;"Sanitärtechnik";;
"612";"237";"Alimentation groupée";"Gruppenversorgung";"Group supply";"Grup beslemesi";"الإمداد الجماعي";;"Sanitärtechnik";;
"316";"237";"Réchauffeur à circulation";"Durchflusserwärmer";"Instantaneous water heater";"Anlık su ısıtıcısı";"سخان مياه فوري";;"Sanitärtechnik";;
"1748";"237";"Réservoir sous évier";"Untertischspeicher";"Under-counter storage";"Tezgah altı depolama";"تخزين تحت المنضدة";;"Sanitärtechnik";;
"1820";"237";"Accumulateur mural";"Wandspeicher";"Wall-mounted storage";"Duvara monte depolama";"تخزين مثبت على الحائط";;"Sanitärtechnik";;
"1532";"237";"Accumulateur";"Speicher";"Storage";"Depolama";"التخزين";;"Sanitärtechnik";;
"232";"238";"Chaudière";"Boiler";"Boiler";"Kazan";"غلاية";;"Sanitärtechnik";;
"267";"238";"Conduite de vapeur";"Dampfrohr";"Steam pipe";"Buhar borusu";"أنبوب بخار";;"Sanitärtechnik";;
"394";"238";"vidange";"entleeren";"Drain";"Tahliye";"صمام تصريف";;"Sanitärtechnik";;
"500";"238";"Robinet de remplissage et de vidange";"Füll- und Ablaufarmatur";"Fill and drain valve";"Doldurma ve tahliye vanası";"صمام التعبئة والتصريف";;"Sanitärtechnik";;
"502";"238";"Remplir";"füllen";"Fill";"Doldurma";"التعبئة";;"Sanitärtechnik";;
"762";"238";"Eau froide";"Kaltwasser";"Cold water";"Soğuk su";"الماء البارد";;"Sanitärtechnik";;
"808";"238";"Appareil à eau bouillante";"Kochendwassergerät";"Boiling water dispenser";"Kaynar su dağıtıcısı";"موزع الماء المغلي";;"Sanitärtechnik";;
"599";"238";"Boîtier en verre avec indicateur de niveau";"Glasgehäuse mit Füllmengenanzeige";"Glass housing with fill level indicator";"Dolum seviyesi göstergeli cam gövde";"غلاف زجاجي مزود بمؤشر مستوى الملء";;"Sanitärtechnik";;
"1281";"238";"Élément chauffant tubulaire, horizontal";"Rohrheizkörper, liegend";"Flat tubular heating element";"Düz boru şeklindeki ısıtma elemanı";"عنصر تسخين أنبوبي مسطح";;"Sanitärtechnik";;
"1717";"238";"Dispositif de sécurité contre la surchauffe";"Übertemperatursicherung";"Over-temperature protection";"Aşırı sıcaklık koruması";"حماية من ارتفاع درجة الحرارة";;"Sanitärtechnik";;
"1660";"238";"Commutateur de sélection de température";"Temperaturwahlschalter";"Temperature selector switch";"Sıcaklık seçme anahtarı";"مفتاح اختيار درجة الحرارة";;"Sanitärtechnik";;
"760";"239";"à froid";"kalt";"Cold";"Soğuk";"بارد";;"Sanitärtechnik";;
"801";"239";"Petit réservoir";"Kleinspeicher";"Small storage heater";"Küçük depolamalı ısıtıcı";"مدفأة تخزين صغيرة";;"Sanitärtechnik";;
"1280";"239";"Élément chauffant tubulaire";"Rohrheizkörper";"Tubular heating element";"Boru şeklindeki ısıtma elemanı";"عنصر تسخين أنبوبي";;"Sanitärtechnik";;
"1430";"239";"Anode de protection";"Schutzanode";"Sacrificial anode";"Koruyucu anot";"أنود قابل للتآكل";;"Sanitärtechnik";;
"1747";"239";"Petit ballon d'eau chaude sous évier";"Untertisch-Kleinspeicher";"Under-counter small storage tank";"Tezgah altı küçük depolama tankı";"خزان تخزين صغير يوضع تحت المنضدة";;"Sanitärtechnik";;
"1828";"239";"à chaud";"warm";"Hot";"Sıcak";"الساخن";;"Sanitärtechnik";;
"1918";"239";"Robinet de soutirage";"Zapfventil";"Dispensing valve";"Dağıtım vanası";"صمام التوزيع";;"Sanitärtechnik";;
"1656";"239";"Sonde de température";"Temperaturfühler";"Temperature sensor";"Sıcaklık sensörü";"مستشعر درجة الحرارة";;"Sanitärtechnik";;
"1658";"239";"Sélecteur de température";"Temperaturwähler";"Temperature selector";"Sıcaklık seçici";"محدد درجة الحرارة";;"Sanitärtechnik";;
"1662";"239";"Vanne de régulation de température";"Temperierventil";"Temperature control valve";"Sıcaklık kontrol vanası";"صمام التحكم في درجة الحرارة";;"Sanitärtechnik";;
"1718";"239";"Petit accumulateur de table";"Übertisch-Kleinspeicher";"Countertop mini-storage tank";"Tezgah üstü mini depolama tankı";"خزان تخزين صغير يوضع على سطح العمل";;"Sanitärtechnik";;
"564";"240";"Siphon";"Geruchverschluss";"Odor trap";"Koku tutucu";"مصفاة الروائح";;"Sanitärtechnik";;
"1217";"240";"Raccord PWC vers le ballon";"PWC-Anschluss zum Speicher";"PWC connection to the storage tank";"Depolama tankına PWC bağlantısı";"وصلة PWC بخزان التخزين";;"Sanitärtechnik";;
"1221";"240";"Raccordement PWH depuis le ballon";"PWH-Anschluss vom Speicher";"PWH connection from the storage tank";"Depolama tankından PWH bağlantısı";"وصلة PWH من خزان التخزين";;"Sanitärtechnik";;
"1483";"240";"Équipement de sécurité";"Sicherheitstechnische Ausrüstung";"Safety equipment";"Güvenlik ekipmanı";"معدات السلامة";;"Sanitärtechnik";;
"1484";"240";"Soupape de sécurité";"Sicherheitsventil";"Safety valve";"Emniyet valfi";"صمام أمان";;"Sanitärtechnik";;
"1501";"240";"Siphon";"Siphon";"Siphon";"Sifon";"السيفون";;"Sanitärtechnik";;
"317";"241";"Réchauffeur à circulation, électrique";"Durchfluss-TWE, elektrisch";"Flow-through TWE, electric";"Akış tipi TWE, elektrikli";"TWE كهربائي بتدفق مستمر";;"Sanitärtechnik";;
"320";"241";"chauffe-eau instantané";"Durchlauferhitzer";"Instantaneous water heater";"Anlık su ısıtıcısı";"سخان مياه فوري";;"Sanitärtechnik";;
"523";"241";"Chauffe-eau instantané à gaz";"Gas-Durchlauferhitzer";"Gas instantaneous water heater";"Gazlı anlık su ısıtıcısı";"سخان مياه فوري يعمل بالغاز";;"Sanitärtechnik";;
"526";"241";"Flamme de gaz";"Gasflamme";"Gas flame";"Gaz alevi";"لهب الغاز";;"Sanitärtechnik";;
"879";"241";"Réservoir en cuivre avec système de chauffage";"Kupferbehälter mit Heizsystem";"Copper tank with heating system";"Isıtma sistemli bakır tank";"خزان نحاسي مزود بنظام تسخين";;"Sanitärtechnik";;
"1157";"241";"Allumeur piézoélectrique";"Piezozünder";"Piezo igniter";"Piezo ateşleyici";"مشعل بيزو";;"Sanitärtechnik";;
"322";"241";"Chauffe-eau instantané (DWH)";"Durchlaufwasserheizer (DWH)";"Instantaneous water heater (IWH)";"Anlık su ısıtıcısı (IWH)";"سخان المياه الفوري (IWH)";;"Sanitärtechnik";;
"1074";"241";"Borne de raccordement au réseau";"Netzanschlussklemme";"Mains connection terminal";"Şebeke bağlantı terminali";"محطة توصيل التيار الكهربائي";;"Sanitärtechnik";;
"1218";"241";"Arrivée PWC";"PWC-Zulauf";"PWC inlet";"PWC girişi";"مدخل PWC";;"Sanitärtechnik";;
"1219";"241";"Sortie PWH";"PWH-Ablauf";"PWH drain";"PWH tahliye";"مخرج PWH";;"Sanitärtechnik";;
"1610";"241";"Unité de commande et de régulation";"Steuer-und Regeleinheit";"Control and regulation unit";"Kontrol ve düzenleme ünitesi";"وحدة التحكم والتنظيم";;"Sanitärtechnik";;
"521";"241";"Brûleur à gaz";"Gasbrenner";"Gas burner";"Gaz brülörü";"موقد الغاز";;"Sanitärtechnik";;
"689";"242";"Retour d'eau de chauffage";"Heizwasserrücklauf";"Heating water return";"Isıtma suyu dönüşü";"عودة مياه التسخين";;"Sanitärtechnik";;
"690";"242";"Départ d'eau de chauffage";"Heizwasservorlauf";"Heating water supply";"Isıtma suyu beslemesi";"إمداد مياه التدفئة";;"Sanitärtechnik";;
"1220";"242";"Raccord PWH";"PWH-Anschluss";"PWH connection";"PWH bağlantısı";"توصيلة PWH";;"Sanitärtechnik";;
"1296";"242";"Serpentin";"Rohrschlange";"Coil";"Bobin";"الملف";;"Sanitärtechnik";;
"675";"242";"Combinaison chaudière-ballon-chauffe-eau";"Heizkessel-Speicher-Trinkwassererwärmer, Kombination";"Boiler-storage tank-drinking water heater, combination";"Kazan-depo tankı-içme suyu ısıtıcısı, kombinasyon";"غلاية - خزان تخزين - سخان مياه الشرب، مدمج";;"Sanitärtechnik";;
"1216";"242";"Raccord PWC";"PWC-Anschluss";"PWC connection";"PWC bağlantısı";"توصيلة PWC";;"Sanitärtechnik";;
"1533";"242";"Sonde de réservoir";"Speicherfühler";"Storage tank sensor";"Depolama tankı sensörü";"مستشعر خزان التخزين";;"Sanitärtechnik";;
"1699";"242";"Chauffage de l'eau potable";"Trinkwassererwärmung";"Drinking water heating";"İçme suyu ısıtma";"تسخين مياه الشرب";;"Sanitärtechnik";;
"673";"242";"Chaudière";"Heizkessel";"Boiler";"Kazan";"المرجل";;"Sanitärtechnik";;
"1480";"243";"Dispositifs de sécurité";"Sicherheitseinrichtungen";"Safety devices";"Güvenlik cihazları";"أجهزة السلامة";;"Sanitärtechnik";;
"1060";"243";"Post-chauffage";"Nachheizung";"Supplementary heating";"Ek ısıtma";"التدفئة التكميلية";;"Sanitärtechnik";;
"1508";"243";"Installation solaire";"Solaranlage";"Solar system";"Güneş enerjisi sistemi";"النظام الشمسي";;"Sanitärtechnik";;
"1509";"243";"Circuit solaire aller et retour";"Solarkreis Vor- und Rücklauf";"Solar circuit supply and return";"Güneş devresinin besleme ve dönüş hattı";"دائرة الإمداد والعودة للنظام الشمسي";;"Sanitärtechnik";;
"1511";"243";"Réservoir solaire, bivalent";"Solarspeicher, bivalent";"Solar storage tank, bivalent";"Güneş enerjisi depolama tankı, bivalent";"خزان تخزين الطاقة الشمسية، ثنائي الوظيفة";;"Sanitärtechnik";;
"1513";"243";"Capteur solaire";"Sonnenkollektor";"Solar collector";"Güneş kolektörü";"المجمع الشمسي";;"Sanitärtechnik";;
"1703";"243";"Arrivée d'eau potable";"Trinkwasserzufluss";"Drinking water inlet";"İçme suyu girişi";"مدخل مياه الشرب";;"Sanitärtechnik";;
"1732";"243";"Pompe de circulation";"Umwälzpumpe";"Circulation pump";"Sirkülasyon pompası";"مضخة الدوران";;"Sanitärtechnik";;
"136";"243";"Vase d'expansion";"Ausdehnungsgefäß";"Expansion tank";"Genleşme tankı";"خزان التمدد";;"Sanitärtechnik";;
"641";"244";"Crochet porte-serviette";"Handtuchhaken";"Towel hook";"Havlu askısı";"خطاف المناشف";;"Sanitärtechnik";;
"645";"244";"Lavabo";"Handwaschbecken";"Hand washbasin";"El lavabosu";"حوض غسل اليدين";;"Sanitärtechnik";;
"1469";"244";"Porte-savon";"Seifenhalter";"Soap dish";"Sabunluk";"صحن الصابون";;"Sanitärtechnik";;
"1913";"244";"Porte-gobelet pour brosse à dents";"Zahnputzbecherhalter";"Toothbrush holder";"Diş fırçası tutacağı";"حامل فرشاة الأسنان";;"Sanitärtechnik";;
"1541";"244";"Miroir";"Spiegel";"Mirror";"Ayna";"مرآة";;"Sanitärtechnik";;
"1850";"244";"Lavabo";"Waschtisch";"Vanity";"Tualet masası";"منضدة الزينة";;"Sanitärtechnik";;
"1934";"244";"Accessoires";"Zubehör";"Accessories";"Aksesuarlar";"الملحقات";;"Sanitärtechnik";;
"123";"245";"patte de suspension";"Aufhängelasche";"Mounting bracket";"Montaj braketi";"حامل التثبيت";;"Sanitärtechnik";;
"1041";"245";"Montage de la robinetterie";"Montage der Armatur";"Installation of the fixture";"Armatürün montajı";"تركيب وحدة الإضاءة";;"Sanitärtechnik";;
"1043";"245";"Cotes de montage, courantes";"Montagemaße, übliche";"Standard installation dimensions";"Standart kurulum boyutları";"أبعاد التركيب القياسية";;"Sanitärtechnik";;
"342";"246";"Évier encastré";"Einbauspüle";"Built-in sink";"Gömme lavabo";"حوض مدمج";;"Sanitärtechnik";;
"363";"246";"Évier simple";"Einzelspüle";"Single sink";"Tek lavabo";"حوض واحد";;"Sanitärtechnik";;
"40";"246";"Égouttoir";"Abtropffläche";"Drainboard";"Süzgeç";"منصة تجفيف";;"Sanitärtechnik";;
"284";"246";"Évier double";"Doppelspüle";"Double sink";"Çift lavabo";"حوض مزدوج";;"Sanitärtechnik";;
"790";"246";"Cadre de clapet";"Klapprost";"Folding rack";"Katlanabilir raf";"رف قابل للطي";;"Sanitärtechnik";;
"1557";"246";"Module de rinçage";"Spülmodul";"Sink module";"Evi modülü";"وحدة الحوض";;"Sanitärtechnik";;
"1740";"246";"Évier encastré";"Unterbauspüle";"Under-mount sink";"Altta monte lavabo";"حوض مركب تحت سطح العمل";;"Sanitärtechnik";;
"1554";"246";"Évier";"Spülbecken";"Sink";"Lavabo";"حوض";;"Sanitärtechnik";;
"25";"247";"Toilettes à aspiration";"Absaugeklosett";"Vacuum toilet";"Vakumlu tuvalet";"مرحاض يعمل بالفراغ";;"Sanitärtechnik";;
"334";"247";"WC avec douche";"Dusch-WC";"Shower toilet";"Duşlu tuvalet";"مرحاض دش";;"Sanitärtechnik";;
"462";"247";"Rince-tête plat";"Flachspüler";"Low-flow toilet";"Düşük su tüketimli tuvalet";"مرحاض منخفض التدفق";;"Sanitärtechnik";;
"463";"247";"Cuvette de WC à chasse d'eau plate";"Flachspülklosett";"Flat-flush toilet";"Düz sifonlu tuvalet";"مرحاض ذو تدفق مسطح";;"Sanitärtechnik";;
"703";"247";"Toilettes à la turque";"Hockklosett";"Squat toilet";"Çömelme tipi tuvalet";"مرحاض القرفصاء";;"Sanitärtechnik";;
"768";"247";"Toilettes à chasse d'eau en cascade";"Kaskadenklosett";"Cascade toilet";"Kaskad tuvalet";"مرحاض كاسكيد";;"Sanitärtechnik";;
"1503";"247";"toilettes à siège";"Sitzklosett";"Sitting toilet";"Oturmalı tuvalet";"مرحاض جلوس";;"Sanitärtechnik";;
"1599";"247";"Toilettes sur pied";"Stehklo";"Squat toilet";"Çömelme tipi tuvalet";"مرحاض القرفصاء";;"Sanitärtechnik";;
"1671";"247";"Cuvette à chasse d'eau basse";"Tiefspüler";"Deep-flush toilet";"Derin sifonlu tuvalet";"مرحاض ذو تدفق عميق";;"Sanitärtechnik";;
"1672";"247";"Toilettes à chasse d'eau basse";"Tiefspülklosett";"Deep-flush toilet";"Derin sifonlu tuvalet";"مرحاض ذو تدفق عميق";;"Sanitärtechnik";;
"1864";"247";"Bras de douche pour WC";"WC-Duscharm";"Toilet shower arm";"Tuvalet duş kolu";"ذراع دش المرحاض";;"Sanitärtechnik";;
"1584";"247";"WC sur pied";"Stand-WC";"Floor-mounted toilet";"Zemine monte tuvalet";"مرحاض مثبت على الأرض";;"Sanitärtechnik";;
"1822";"247";"WC suspendu";"Wand-WC";"Wall-mounted toilet";"Duvara monte tuvalet";"مرحاض مثبت على الحائط";;"Sanitärtechnik";;
"97";"248";"Cotes de raccordement";"Anschlussmaße";"Connection dimensions";"Bağlantı boyutları";"أبعاد التوصيل";;"Sanitärtechnik";;
"241";"248";"Largeur";"Breite";"Width";"Genişlik";"العرض";;"Sanitärtechnik";;
"704";"248";"Hauteur";"Höhe";"Height";"Yükseklik";"الارتفاع";;"Sanitärtechnik";;
"1045";"248";"Mur de montage";"Montagewand";"Mounting wall";"Montaj duvarı";"جدار التثبيت";;"Sanitärtechnik";;
"1042";"248";"Cotes de montage";"Montagemaße";"Installation dimensions";"Kurulum boyutları";"أبعاد التركيب";;"Sanitärtechnik";;
"1669";"248";"Profondeur";"Tiefe";"Depth";"Derinlik";"العمق";;"Sanitärtechnik";;
"1811";"248";"Installation en applique";"Vorwandinstallation";"Pre-wall installation";"Duvar önü montajı";"التركيب أمام الجدار";;"Sanitärtechnik";;
"1536";"249";"Liquide de verrouillage";"Sperrflüssigkeit";"Barrier fluid";"Bariyer sıvısı";"سائل الحاجز";;"Sanitärtechnik";;
"1755";"249";"urine";"Urin";"Urine";"İdrar";"البول";;"Sanitärtechnik";;
"1756";"249";"Urinoir avec raccord d'aspiration";"Urinal mit Absaugformstück";"Urinal with suction fitting";"Emme bağlantılı pisuar";"مبولة مزودة بوصلة شفط";;"Sanitärtechnik";;
"1757";"249";"Urinoir avec siphon apparent";"Urinal mit frei liegendem Geruchverschluss";"Urinal with exposed trap";"Açık sifonlu pisuar";"مبولة ذات مصيدة مكشوفة";;"Sanitärtechnik";;
"1758";"249";"Urinoir à chasse d'eau";"Urinal, wassergespült";"Water-flushed urinal";"Su ile yıkanan pisuar";"مبولة تعمل بالماء";;"Sanitärtechnik";;
"1759";"249";"Urinoir sans eau";"Urinal, wasserlos";"Waterless urinal";"Susuz pisuar";"مبولة بدون مياه";;"Sanitärtechnik";;
"216";"250";"au ras du sol";"bodenstehend";"floor-mounted";"zemine monte";"مثبت على الأرض";;"Sanitärtechnik";;
"510";"250";"Bain de pieds";"Fußbad";"Foot bath";"Ayak banyosu";"حوض غسل القدمين";;"Sanitärtechnik";;
"901";"250";"Cuve courte";"Kurzwanne";"Shallow tub";"Sığ küvet";"حوض ضحل";;"Sanitärtechnik";;
"1502";"250";"s'asseoir";"sitzen";"Seated";"Oturmalı";"مقعد";;"Sanitärtechnik";;
"1505";"250";"Lavabo à poser";"Sitzwaschbecken";"Sitting washbasin";"Oturmalı lavabo";"حوض غسيل بالجلوس";;"Sanitärtechnik";;
"1085";"250";"Bac standard";"Normalwanne";"Standard tub";"Standart küvet";"حوض قياسي";;"Sanitärtechnik";;
"1818";"250";"suspendu au mur";"wandhängend";"Wall-mounted";"Duvara monte";"مثبت على الحائط";;"Sanitärtechnik";;
"1849";"250";"Postes de lavage";"Waschpositionen";"Washing positions";"Yıkama pozisyonları";"أوضاع الاستحمام";;"Sanitärtechnik";;
"170";"251";"Fixation";"Befestigung";"Mounting";"Montaj";"التركيب";;"Sanitärtechnik";;
"705";"251";"réglable en hauteur";"höhenverstellbar";"Height-adjustable";"Yükseklik ayarlı";"قابل لتعديل الارتفاع";;"Sanitärtechnik";;
"1362";"251";"Isolation acoustique";"Schalldämmung";"Sound insulation";"Ses yalıtımı";"عزل الصوت";;"Sanitärtechnik";;
"273";"251";"Mastic d'étanchéité, élastique";"Dichtstoff, elastisch";"Sealant, elastic";"Sızdırmazlık maddesi, elastik";"مادة مانعة للتسرب، مرنة";;"Sanitärtechnik";;
"516";"251";"Piètement";"Fußgestell";"Base frame";"Taban çerçevesi";"الإطار الأساسي";;"Sanitärtechnik";;
"609";"251";"Grand bac";"Großwanne";"Large tub";"Büyük küvet";"حوض كبير";;"Sanitärtechnik";;
"833";"251";"Isolation contre les bruits solidiens";"körperschallgedämmt";"Structure-borne sound insulation";"Yapı kaynaklı ses yalıtımı";"عزل الصوت المنقول عبر الهيكل";;"Sanitärtechnik";;
"1504";"251";"Baignoire à siège";"Sitzwanne";"Seat basin";"Klozet haznesi";"حوض المقعد";;"Sanitärtechnik";;
"1826";"251";"Pied de baignoire";"Wannenfuß";"Tub base";"Küvet tabanı";"قاعدة الحوض";;"Sanitärtechnik";;
"1824";"251";"Baignoire";"Wanne";"Tub";"Küvet";"حوض الاستحمام";;"Sanitärtechnik";;
"1825";"251";"Ancrage de baignoire";"Wannenanker";"Tub anchors";"Küvet sabitleyicileri";"مثبتات الحوض";;"Sanitärtechnik";;
"1827";"251";"Support de baignoire en mousse rigide";"Wannenträger aus Hartschaum";"Hard foam tub support";"Sert köpük küvet desteği";"دعامة الحوض من الرغوة الصلبة";;"Sanitärtechnik";;
"329";"252";"Douche";"Dusche";"Shower";"Duş";"الدش";;"Sanitärtechnik";;
"332";"252";"Paroi de douche";"Duschtrennwand";"Shower enclosure";"Duş kabini";"حجرة الدش";;"Sanitärtechnik";;
"333";"252";"Receveur de douche";"Duschwanne";"Shower pan";"Duş teknesi";"حوض الاستحمام";;"Sanitärtechnik";;
"630";"252";"Douchette à main";"Handbrause";"Handheld showerhead";"El duşu";"رأس دش يدوي";;"Sanitärtechnik";;
"326";"252";"Cabine de douche";"Duschabtrennung";"Shower enclosure";"Duş kabini";"حجرة الاستحمام";;"Sanitärtechnik";;
"328";"252";"Receveur de douche";"Duschbecken";"Shower basin";"Duş teknesi";"حوض الاستحمام";;"Sanitärtechnik";;
"831";"252";"Douche de tête";"Kopfbrause";"Overhead shower";"Tavan duşu";"دش علوي";;"Sanitärtechnik";;
"1380";"252";"Douchette";"Schlauchbrause";"Hose shower";"Hortumlu duş";"خرطوم الدش";;"Sanitärtechnik";;
"1472";"252";"Douchette latérale";"Seitenbrause";"Side shower";"Yan duş";"دش جانبي";;"Sanitärtechnik";;
"213";"253";"Siphon de sol";"Bodenablauf";"Floor drain";"Zemin gideri";"مصرف أرضي";;"Sanitärtechnik";;
"240";"253";"Flexible de douche";"Brauseschlauch";"Shower hose";"Duş hortumu";"خرطوم الدش";;"Sanitärtechnik";;
"330";"253";"Pomme de douche";"Duschkopf";"Showerhead";"Duş başlığı";"رأس الدش";;"Sanitärtechnik";;
"331";"253";"Caniveau de douche";"Duschrinne";"Shower channel";"Duş oluğu";"قناة الدش";;"Sanitärtechnik";;
"239";"253";"Pomme de douche";"Brausekopf";"Shower head";"Duş başlığı";"رأس الدش";;"Sanitärtechnik";;
"327";"253";"Système de douche, carrelé au ras du sol";"Duschanlage, bodengleich gefliest";"Shower system, floor-level tiled";"Duş sistemi, zemin seviyesinde fayans kaplı";"نظام الدش، مبلط على مستوى الأرضية";;"Sanitärtechnik";;
"1821";"253";"Barre murale";"Wandstange";"Wall bar";"Duvar çubuğu";"قضيب حائطي";;"Sanitärtechnik";;
"1859";"253";"jets d'eau";"Wasserstrahlen";"Water jets";"Su püskürtme uçları";"نفاثات المياه";;"Sanitärtechnik";;
"1030";"254";"Conduite d'eau mélangée";"Mischwasserkanal";"Drain";"Drenaj";"مصرف";;"Sanitärtechnik";;
"1240";"254";"Conduite d'évacuation des eaux pluviales";"Regenwasserfallleitung";"Rainwater downspout";"Yağmur suyu iniş borusu";"أنبوب تصريف مياه الأمطار";;"Sanitärtechnik";;
"1242";"254";"Canal d'évacuation des eaux pluviales";"Regenwasserkanal";"Rainwater drain";"Yağmur suyu tahliyesi";"مصرف مياه الأمطار";;"Sanitärtechnik";;
"1391";"254";"Canalisation d'eaux usées";"Schmutzwasserkanal";"Sewage drain";"Kanalizasyon tahliyesi";"مصرف مياه الصرف الصحي";;"Sanitärtechnik";;
"1695";"254";"Système de tronçonnage";"Trennsystem";"Separation system";"Ayırma sistemi";"نظام الفصل";;"Sanitärtechnik";;
"1390";"254";"Conduite d'évacuation des eaux usées";"Schmutzwasserfallleitung";"Sewage downspout";"Kanalizasyon iniş borusu";"أنبوب تصريف مياه الصرف الصحي";;"Sanitärtechnik";;
"1029";"254";"Système de mélange";"Mischsystem";"Combined system";"Kombine sistem";"نظام مدمج";;"Sanitärtechnik";;
"980";"255";"Conduite de ventilation";"Lüftungsleitung";"Vent pipe";"Havalandırma borusu";"أنبوب التهوية";;"Sanitärtechnik";;
"1339";"255";"Conduite collectrice";"Sammelleitung";"Collector pipe";"Toplama borusu";"أنبوب التجميع";;"Sanitärtechnik";;
"610";"255";"Conduite souterraine";"Grundleitung";"Main line";"Ana hat";"الخط الرئيسي";;"Sanitärtechnik";;
"360";"255";"Conduite de raccordement individuelle (EAL)";"Einzelanschlussleitung (EAL)";"Individual connection line (EAL)";"Bireysel bağlantı hattı (EAL)";"خط التوصيل الفردي (EAL)";;"Sanitärtechnik";;
"1337";"255";"Conduite de raccordement";"Sammelanschlussleitung";"Collector connection line";"Toplayıcı bağlantı hattı";"خط توصيل المجمع";;"Sanitärtechnik";;
"167";"256";"Siphon de baignoire";"Badablauf";"Bathroom drain";"Banyo tahliyesi";"مصرف الحمام";;"Sanitärtechnik";;
"214";"256";"Siphon de sol avec clapet anti-retour";"Bodenablauf mit Rückstauverschluss";"Floor drain with backflow preventer";"Geri akış önleyicili zemin gideri";"مصرف أرضي مزود بمانع ارتجاع";;"Sanitärtechnik";;
"1176";"256";"Tire-bouchon";"Pömpel";"Plunger";"Piston";"مكبس";;"Sanitärtechnik";;
"1279";"256";"Siphon tubulaire";"Röhren-Geruchverschluss";"Pipe trap";"Boru sifonu";"مصيدة الأنابيب";;"Sanitärtechnik";;
"1286";"256";"Tuyau de nettoyage";"Rohrreinigungsschlauch";"Pipe cleaning hose";"Boru temizleme hortumu";"خرطوم تنظيف الأنابيب";;"Sanitärtechnik";;
"1351";"256";"Ventouse";"Saugglocke";"Suction cup";"Vantuz";"كوب شفط";;"Sanitärtechnik";;
"475";"256";"Siphon anti-odeurs pour bouteille";"Flaschen-Geruchverschluss";"Bottle trap";"Şişe sifonu";"مصيدة زجاجية";;"Sanitärtechnik";;
"773";"256";"Écoulement de cave";"Kellerablauf";"Basement drain";"Bodrum tahliye borusu";"مصرف الطابق السفلي";;"Sanitärtechnik";;
"1287";"256";"Spirale de nettoyage de tuyaux";"Rohrreinigungsspirale";"Pipe cleaning snake";"Boru temizleme yılanı";"سلك تنظيف الأنابيب";;"Sanitärtechnik";;
"1744";"256";"Siphon encastré";"Unterputz-Geruchverschluss";"Concealed trap";"Gizli sifon";"مصفاة مخفية";;"Sanitärtechnik";;
"549";"257";"Pente";"Gefälle";"Slope";"Eğim";"المنحدر";;"Sanitärtechnik";;
"1560";"257";"Rinçage";"Spülung";"Flush";"Yıkama";"التدفق";;"Sanitärtechnik";;
"1460";"257";"Effet de balayage";"Schwemmwirkung";"Flushing effect";"Yıkama etkisi";"تأثير التدفق";;"Sanitärtechnik";;
"1538";"257";"Eau de blocage";"Sperrwasser";"Water seal";"Su sızdırmazlığı";"حاجز مائي";;"Sanitärtechnik";;
"1539";"257";"Réservoir d'eau de blocage";"Sperrwasservorlage";"Standpipe";"Dikey boru";"أنبوب قائم";;"Sanitärtechnik";;
"1561";"257";"Processus de rinçage";"Spülvorgang";"Flushing process";"Yıkama işlemi";"عملية الشطف";;"Sanitärtechnik";;
"1857";"257";"Réservoir d'eau";"Wassersack";"Water bag";"Su torbası";"كيس الماء";;"Sanitärtechnik";;
"3";"258";"Raccord de sortie";"Abgangsformstück";"Outlet fitting";"Çıkış bağlantı parçası";"وصلة المخرج";;"Sanitärtechnik";;
"94";"258";"Raccord";"Anschlussformstück";"Connection fitting";"Bağlantı parçası";"وصلة التوصيل";;"Sanitärtechnik";;
"926";"258";"Conducteur, vertical";"Leitung, senkrecht";"Pipe, vertical";"Dikey boru";"الأنبوب العمودي";;"Sanitärtechnik";;
"1069";"258";"Diamètre nominal";"Nennweite";"Nominal diameter";"Nominal çap";"القطر الاسمي";;"Sanitärtechnik";;
"1254";"258";"Changement de direction";"Richtungsänderung";"Change of direction";"Yön değiştirme";"تغيير الاتجاه";;"Sanitärtechnik";;
"1277";"258";"Diamètre de tuyau";"Rohrdurchmesser";"Pipe diameter";"Boru çapı";"قطر الأنبوب";;"Sanitärtechnik";;
"927";"258";"Section de câble, horizontale";"Leitungsabschnitt, liegend";"Pipe section, horizontal";"Boru kesiti, yatay";"مقطع الأنبوب، أفقي";;"Sanitärtechnik";;
"281";"259";"Dérivation double";"Doppelabzweig";"Double branch";"Çift dallanma";"تفرع مزدوج";;"Sanitärtechnik";;
"421";"259";"conduite de descente";"Fallleitung";"Downpipe";"İniş borusu";"أنبوب تصريف";;"Sanitärtechnik";;
"855";"259";"Dérivation double à bille";"Kugeldoppelabzweig";"Ball double branch";"Çift dallı bilyeli bağlantı";"تفرع مزدوج كروي";;"Sanitärtechnik";;
"422";"259";"dérivation de conduite de descente";"Fallleitungsabzweig";"Downpipe branch";"İniş borusu dallanması";"تفرع أنبوب التصريف";;"Sanitärtechnik";;
"172";"260";"Soupape d'aération";"Belüftungsventil";"Vent valve";"Havalandırma vanası";"صمام تهوية";;"Sanitärtechnik";;
"611";"260";"Conduite souterraine, à l'extérieur du bâtiment";"Grundleitung, außerhalb des Gebäudes";"Main drain, outside the building";"Ana drenaj, bina dışı";"المصرف الرئيسي، خارج المبنى";;"Sanitärtechnik";;
"399";"260";"Purge par le toit";"Entlüftung über Dach";"Ventilation through the roof";"Çatıdan havalandırma";"التهوية عبر السقف";;"Sanitärtechnik";;
"976";"260";"Tuyau d'évacuation";"Lüftungsendrohr";"Vent pipe";"Havalandırma borusu";"أنبوب التهوية";;"Sanitärtechnik";;
"1340";"260";"Conduite collectrice, au sous-sol";"Sammelleitung, im Keller";"Collector pipe, in the basement";"Toplama borusu, bodrum katında";"أنبوب التجميع، في الطابق السفلي";;"Sanitärtechnik";;
"41";"261";"Système de relevage des eaux usées";"Abwasserhebeanlage";"Sewage lifting station";"Kanalizasyon pompa istasyonu";"محطة رفع مياه الصرف الصحي";;"Sanitärtechnik";;
"975";"261";"Ventilation";"Lüftung";"Ventilation";"Havalandırma";"التهوية";;"Sanitärtechnik";;
"1320";"261";"Niveau de refoulement";"Rückstauebene";"Backflow level";"Geri akış seviyesi";"مستوى التدفق العكسي";;"Sanitärtechnik";;
"1321";"261";"Clapet anti-refoulement";"Rückstauverschluss";"Backflow preventer";"Geri akış önleyici";"مانع التدفق العكسي";;"Sanitärtechnik";;
"308";"261";"Conduite de pression avec boucle anti-retour";"Druckleitung mit Rückstauschleife";"Pressure line with backflow loop";"Geri akış döngüsü bulunan basınç hattı";"خط الضغط المزود بحلقة منع الارتجاع";;"Sanitärtechnik";;
"764";"261";"Canal";"Kanal";"Sewer";"Kanalizasyon";"مجاري";;"Sanitärtechnik";;
"1338";"261";"réservoir collecteur";"Sammelbehälter";"Collection tank";"Toplama tankı";"خزان التجميع";;"Sanitärtechnik";;
"1496";"261";"Signal, optique et sonore";"Signal, optisch und akustisch";"Signal, visual and audible";"Sinyal, görsel ve sesli";"إشارة، مرئية ومسموعة";;"Sanitärtechnik";;
"263";"262";"Gouttière";"Dachrinne";"Gutter";"Oluk";"مزراب";;"Sanitärtechnik";;
"592";"262";"Toit à pignon";"Giebeldach";"Gable roof";"Çatı";"سقف جملوني";;"Sanitärtechnik";;
"1243";"262";"Clapet d'évacuation des eaux pluviales";"Regenwasserklappe";"Rainwater flap";"Yağmur suyu kanadı";"صمام مياه الأمطار";;"Sanitärtechnik";;
"1596";"262";"Manchon enfichable";"Steckmuffe";"Plug-in coupling";"Takılabilir bağlantı parçası";"وصلة قابلة للتوصيل";;"Sanitärtechnik";;
"1239";"262";"Citerne";"Regentonne";"Rain barrel";"Yağmur varili";"برميل تجميع مياه الأمطار";;"Sanitärtechnik";;
"1241";"262";"Tuyau de descente d'eau de pluie";"Regenwasserfallrohr";"Rainwater downspout";"Yağmur suyu iniş borusu";"أنبوب تصريف مياه الأمطار";;"Sanitärtechnik";;
"1908";"262";"Bord";"Wulst";"Bead";"Çıt";"حافة";;"Sanitärtechnik";;
"13";"263";"Écoulement";"Ablauf";"Drain";"Drenaj";"مصرف";;"Sanitärtechnik";;
"454";"263";"Toit plat";"Flachdach";"Flat roof";"Düz çatı";"سقف مسطح";;"Sanitärtechnik";;
"802";"263";"Bride de serrage";"Klemmflansch";"Clamp flange";"Kelepçe flanşı";"شفة المشبك";;"Sanitärtechnik";;
"346";"263";"Bec";"Einlauf";"Inlet";"Giriş";"مدخل";;"Sanitärtechnik";;
"455";"263";"Sortie d'eau pour toit plat";"Flachdachablauf";"Flat roof drain";"Düz çatı tahliyesi";"مصرف السقف المسطح";;"Sanitärtechnik";;
"861";"263";"Grille à billes";"Kugelrost";"Ball grate";"Top ızgara";"شبكة كروية";;"Sanitärtechnik";;
"1272";"263";"Chauffage d'appoint des tuyaux";"Rohrbegleitheizung";"Pipe trace heating";"Boru iz ısıtma";"أنابيب التسخين";;"Sanitärtechnik";;
"252";"267";"Briquette";"Brikett";"Briquette";"Briket";"الكتل";;"Heizungstechnik";;
"620";"267";"Copeaux de bois";"Hackschnitzel";"Wood chips";"Odun yongaları";"رقائق الخشب";;"Heizungstechnik";;
"715";"267";"Support pour bois";"Holzlager";"Wood storage";"Odun deposu";"مخزن الخشب";;"Heizungstechnik";;
"810";"267";"Charbon";"Kohle";"Coal";"Kömür";"الفحم";;"Heizungstechnik";;
"903";"267";"Local de stockage";"Lagerraum";"Storage room";"Depo";"غرفة التخزين";;"Heizungstechnik";;
"1142";"267";"Stockage de granulés";"Pelletlagerung";"Pellet storage";"Pelet depolama";"تخزين الحبيبات";;"Heizungstechnik";;
"716";"267";"Granulés de bois";"Holzpellet";"Wood pellets";"Odun peletleri";"حبيبات الخشب";;"Heizungstechnik";;
"811";"267";"Entrepôt de charbon";"Kohlelagerraum";"Coal storage room";"Kömür depolama odası";"غرفة تخزين الفحم";;"Heizungstechnik";;
"1645";"267";"Bûches";"Stückholz";"Logs";"Odun kütükleri";"جذوع الخشب";;"Heizungstechnik";;
"100";"268";"Clapet anti-retour";"Antiheberventil";"Anti-siphon valve";"Anti-sifon vanası";"صمام مانع السحب";;"Heizungstechnik";;
"398";"268";"Purgeur";"Entlüfter";"Air vent";"Hava tahliye deliği";"فتحة تهوية";;"Heizungstechnik";;
"816";"268";"Robinetterie combinée";"Kombinationsarmatur";"Combination fitting";"Kombinasyon bağlantı parçası";"وصلة مركبة";;"Heizungstechnik";;
"1352";"268";"Conduite d'aspiration";"Saugleitung";"Suction line";"Emme hattı";"خط الشفط";;"Heizungstechnik";;
"1406";"268";"Robinet à fermeture rapide";"Schnellschlusshahn";"Quick-closing valve";"Hızlı kapanan vana";"صمام الإغلاق السريع";;"Heizungstechnik";;
"678";"268";"Fioul dans des réservoirs de stockage";"Heizöl in Lagerbehältern";"Heating oil in storage tanks";"Depolama tanklarındaki kalorifer yakıtı";"زيت التدفئة في خزانات التخزين";;"Heizungstechnik";;
"679";"268";"Stockage de fioul, en surface";"Heizöllagerung, oberirdisch";"Heating oil storage, above ground";"Yer üstü kalorifer yakıtı depolama";"تخزين زيت التدفئة فوق سطح الأرض";;"Heizungstechnik";;
"680";"268";"Stockage de fioul, souterrain";"Heizöllagerung, unterirdisch";"Heating oil storage, underground";"Yer altı kalorifer yakıtı depolama";"تخزين زيت التدفئة تحت الأرض";;"Heizungstechnik";;
"408";"269";"Raccordement au gaz naturel";"Erdgasanschluss";"Natural gas connection";"Doğal gaz bağlantısı";"وصلة الغاز الطبيعي";;"Heizungstechnik";;
"409";"269";"Réservoir de gaz naturel";"Erdgastank";"Natural gas tank";"Doğal gaz tankı";"خزان الغاز الطبيعي";;"Heizungstechnik";;
"484";"269";"Gaz liquéfié en bouteilles";"Flüssiggas in Gasflaschen";"LPG in gas cylinders";"Gaz tüplerinde LPG";"غاز البترول المسال في أسطوانات الغاز";;"Heizungstechnik";;
"485";"269";"Réservoir de gaz liquéfié";"Flüssiggasbehälter";"LPG tank";"LPG tankı";"خزان غاز البترول المسال";;"Heizungstechnik";;
"541";"269";"Réservoir de gaz";"Gastank";"Gas tank";"Gaz tankı";"خزان الغاز";;"Heizungstechnik";;
"542";"269";"Conduite d'alimentation en gaz";"Gasversorgungsleitung";"Gas supply line";"Gaz besleme hattı";"خط إمداد الغاز";;"Heizungstechnik";;
"655";"269";"Robinet principal";"Haupthahn";"Main valve";"Ana vana";"الصمام الرئيسي";;"Heizungstechnik";;
"656";"269";"Dispositif de verrouillage principal";"Hauptsperreinrichtung";"Main shut-off device";"Ana kapatma cihazı";"جهاز الإغلاق الرئيسي";;"Heizungstechnik";;
"662";"269";"Combinaison d'entrée domestique (HEK)";"Hauseinführungskombination (HEK)";"Building entry combination (BEC)";"Bina giriş kombinasyonu (BEC)";"رمز دخول المبنى (BEC)";;"Heizungstechnik";;
"1643";"269";"Contrôleur de débit";"Strömungswächter";"Flow monitor";"Akış monitörü";"جهاز مراقبة التدفق";;"Heizungstechnik";;
"660";"269";"Régulateur de pression domestique";"Hausdruckregler";"Building pressure regulator";"Bina basınç regülatörü";"منظم ضغط المبنى";;"Heizungstechnik";;
"271";"270";"Vérifier l'étanchéité";"Dichtheit prüfen";"Check for leaks";"Sızıntı kontrolü";"التحقق من وجود تسربات";;"Heizungstechnik";;
"537";"270";"Détecteur de gaz";"Gasspürgerät";"Gas detector";"Gaz dedektörü";"جهاز كشف الغاز";;"Heizungstechnik";;
"538";"270";"Prise de gaz";"Gassteckdose";"Gas outlet";"Gaz çıkışı";"مخرج الغاز";;"Heizungstechnik";;
"540";"270";"Contrôleur de débit de gaz";"Gasströmungswächter";"Gas flow monitor";"Gaz akış monitörü";"جهاز مراقبة تدفق الغاز";;"Heizungstechnik";;
"543";"270";"Compteur de gaz";"Gaszähler";"Gas meter";"Gaz sayacı";"عداد الغاز";;"Heizungstechnik";;
"1032";"270";"Agent moussant";"Mittel, schaumbildend";"Foaming agent";"Köpük oluşturucu";"عامل الرغوة";;"Heizungstechnik";;
"1482";"270";"Bouchon de sécurité";"Sicherheitsstopfen";"Safety plug";"Emniyet tapası";"سدادة أمان";;"Heizungstechnik";;
"1261";"270";"Dispositif de sécurité pour raccord à vis";"Ringverschraubungssicherung";"Ring nut lock";"Halka somun kilidi";"قفل الصمولة الحلقية";;"Heizungstechnik";;
"530";"270";"Robinet de gaz";"Gashahn";"Gas valve";"Gaz vanası";"صمام الغاز";;"Heizungstechnik";;
"113";"271";"Brûleurs à gaz atmosphériques";"Atmosphärische Gasbrenner";"Atmospheric gas burners";"Atmosferik gaz brülörleri";"شعلات الغاز الجوية";;"Heizungstechnik";;
"244";"271";"Plaque de brûleur";"Brennerplatte";"Burner plate";"Brülör plakası";"لوحة الموقد";;"Heizungstechnik";;
"469";"271";"Flamme";"Flamme";"Flame";"Alev";"اللهب";;"Heizungstechnik";;
"519";"271";"Raccordement au gaz";"Gasanschluss";"Gas connection";"Gaz bağlantısı";"وصلة الغاز";;"Heizungstechnik";;
"524";"271";"Buse à gaz";"Gasdüse";"Gas nozzle";"Gaz nozulu";"فوهة الغاز";;"Heizungstechnik";;
"653";"271";"Brûleur principal";"Hauptbrenner";"Main burner";"Ana brülör";"الموقد الرئيسي";;"Heizungstechnik";;
"730";"271";"Injecteur";"Injektor";"Injector";"Enjektör";"الحاقن";;"Heizungstechnik";;
"1028";"271";"Tuyau de mélange";"Mischrohr";"Mixing tube";"Karıştırma borusu";"أنبوب الخلط";;"Heizungstechnik";;
"1775";"271";"Air de combustion";"Verbrennungsluft";"Combustion air";"Yanma havası";"هواء الاحتراق";;"Heizungstechnik";;
"1798";"271";"Brûleur à prémélange";"Vollvormischbrenner";"Fully premixed burner";"Tamamen önceden karıştırılmış brülör";"موقد مسبق الخلط بالكامل";;"Heizungstechnik";;
"314";"272";"Pressostat";"Druckwächter";"Pressure switch";"Basınç şalteri";"مفتاح الضغط";;"Heizungstechnik";;
"471";"272";"Électrode de surveillance de flamme";"Flammenüberwachungselektrode";"Flame monitoring electrode";"Alev izleme elektrotu";"قطب مراقبة اللهب";;"Heizungstechnik";;
"525";"272";"Filtre à gaz";"Gasfilter";"Gas filter";"Gaz filtresi";"مرشح الغاز";;"Heizungstechnik";;
"539";"272";"Conduite de gaz";"Gasstraße";"Gas line";"Gaz hattı";"خط الغاز";;"Heizungstechnik";;
"563";"272";"Régulateur de pression de l'appareil";"Gerätedruckregler";"Equipment pressure regulator";"Ekipman basınç regülatörü";"منظم ضغط المعدات";;"Heizungstechnik";;
"731";"272";"Brûleur d'injecteur";"Injektorbrenner";"Injector burner";"Enjektörlü brülör";"موقد حقن";;"Heizungstechnik";;
"989";"272";"électrovanne";"Magnetventil";"Solenoid valve";"Solenoid valf";"صمام الملف اللولبي";;"Heizungstechnik";;
"534";"272";"Système de régulation du gaz";"Gasregelstrecke";"Gas control system";"Gaz kontrol sistemi";"نظام التحكم في الغاز";;"Heizungstechnik";;
"1609";"272";"Appareil de commande";"Steuergerät";"Control unit";"Kontrol ünitesi";"وحدة التحكم";;"Heizungstechnik";;
"473";"273";"Tête de flamme";"Flammkopf";"Flame head";"Alev başlığı";"رأس اللهب";;"Heizungstechnik";;
"544";"273";"Ventilateur";"Gebläse";"Blower";"Üfleyici";"منفاخ";;"Heizungstechnik";;
"963";"273";"Orifice d'aspiration d'air";"Luftansaugöffnung";"Air intake opening";"Hava giriş açıklığı";"فتحة سحب الهواء";;"Heizungstechnik";;
"529";"273";"Brûleur à gaz à soufflerie";"Gasgebläsebrenner";"Gas-fired forced-draft burner";"Gaz yakıtlı cebri çekişli brülör";"موقد يعمل بالغاز ذو سحب قسري";;"Heizungstechnik";;
"967";"273";"Pressostat";"Luftdruckwächter";"Air pressure monitor";"Hava basıncı monitörü";"جهاز مراقبة ضغط الهواء";;"Heizungstechnik";;
"1719";"273";"Électrode de surveillance";"Überwachungselektrode";"Monitoring electrode";"İzleme elektrodu";"قطب المراقبة";;"Heizungstechnik";;
"545";"273";"Moteur de ventilateur";"Gebläsemotor";"Blower motor";"Üfleyici motoru";"محرك المنفاخ";;"Heizungstechnik";;
"1588";"273";"Disque de retenue";"Stauscheibe";"Baffle plate";"Bölme plakası";"لوحة حاجزة";;"Heizungstechnik";;
"246";"274";"Tiroir de brûleur";"Brennerschublade";"Burner drawer";"Brülör çekmecesi";"درج الموقد";;"Heizungstechnik";;
"247";"274";"Pot de brûleur";"Brennertopf";"Burner pot";"Brülör haznesi";"وعاء الموقد";;"Heizungstechnik";;
"982";"274";"Alimentation en air";"Luftzufuhr";"Air supply";"Hava beslemesi";"إمداد الهواء";;"Heizungstechnik";;
"1114";"274";"Conduite de fioul";"Ölleitung";"Oil line";"Yağ hattı";"خط الزيت";;"Heizungstechnik";;
"1108";"274";"Bac de récupération d'huile";"Öl-Auffangschale";"Oil drip pan";"Yağ damlama kabı";"حوض تجميع الزيت";;"Heizungstechnik";;
"1110";"274";"Mélange vapeur d'huile-air";"Öldampf-Luft-Gemisch";"Oil-vapor-air mixture";"Yağ-buhar-hava karışımı";"خليط الزيت والبخار والهواء";;"Heizungstechnik";;
"1112";"274";"Insert de chauffage au fioul";"Öl-Heizeinsatz";"Oil heating insert";"Yağ ısıtma elemanı";"وحدة تسخين الزيت";;"Heizungstechnik";;
"1120";"274";"Brûleur de vaporisation d'huile";"Ölverdampfungsbrenner";"Oil vaporization burner";"Yağ buharlaştırma brülörü";"موقد تبخير الزيت";;"Heizungstechnik";;
"1117";"275";"Conduite d'aspiration de fioul";"Ölsaugleitung";"Oil suction line";"Yağ emme hattı";"خط شفط الزيت";;"Heizungstechnik";;
"1122";"275";"Brûleur à atomisation d'huile";"Ölzerstäubungsbrenner";"Oil atomizing burner";"Yağ püskürtme brülörü";"موقد رش الزيت";;"Heizungstechnik";;
"986";"275";"Vanne d'arrêt magnétique";"Magnetabsperrventil";"Solenoid shut-off valve";"Solenoid kapatma vanası";"صمام إغلاق مغناطيسي";;"Heizungstechnik";;
"1116";"275";"Retour d'huile";"Ölrücklauf";"Oil return";"Yağ dönüş hattı";"عودة الزيت";;"Heizungstechnik";;
"1945";"275";"Transformateur d'allumage";"Zündtrafo";"Ignition transformer";"Ateşleme transformatörü";"محول الإشعال";;"Heizungstechnik";;
"472";"276";"Contrôleur de flamme";"Flammenwächter";"Flame monitor";"Alev monitörü";"جهاز مراقبة اللهب";;"Heizungstechnik";;
"1111";"276";"Buse à mazout";"Öldüse";"Oil nozzle";"Yağ nozulu";"فوهة الزيت";;"Heizungstechnik";;
"1121";"276";"Préchauffage du fioul";"Ölvorwärmung";"Oil preheating";"Yağ ön ısıtma";"التسخين المسبق للزيت";;"Heizungstechnik";;
"199";"276";"Brûleur à flamme bleue";"Blaubrenner";"Blue burner";"Mavi brülör";"الموقد الأزرق";;"Heizungstechnik";;
"210";"276";"Diaphragme";"Blende";"Diaphragm";"Diyafram";"الحجاب الحاجز";;"Heizungstechnik";;
"211";"276";"Système de mélange à diaphragmes";"Blendenmischsystem";"Flue gas mixing system";"Baca gazı karıştırma sistemi";"نظام خلط غازات المداخن";;"Heizungstechnik";;
"556";"276";"Brûleur à flamme jaune";"Gelbbrenner";"Yellow burner";"Sarı brülör";"الموقد الأصفر";;"Heizungstechnik";;
"1589";"276";"Système de mélange à disque de retenue";"Stauscheiben-Mischsystem";"Baffle mixing system";"Bölmeli karıştırma sistemi";"نظام الخلط بالحواجز";;"Heizungstechnik";;
"1944";"276";"Câble d'allumage";"Zündkabel";"Ignition wire";"Ateşleme teli";"سلك الإشعال";;"Heizungstechnik";;
"249";"277";"Chambre de combustion";"Brennkammer";"Combustion chamber";"Yanma odası";"غرفة الاحتراق";;"Heizungstechnik";;
"505";"277";"Indicateur de niveau";"Füllstandsmelder";"Level sensor";"Seviye sensörü";"مستشعر المستوى";;"Heizungstechnik";;
"1141";"277";"Chaudière à granulés";"Pelletkessel";"Pellet boiler";"Pelet kazanı";"غلاية الحبيبات";;"Heizungstechnik";;
"1193";"277";"Débit d'air primaire";"Primärluftstrom";"Primary air flow";"Birincil hava akışı";"تدفق الهواء الأولي";;"Heizungstechnik";;
"1355";"277";"Ventilateur d'aspiration";"Saugzuggebläse";"Induced draft fan";"Cezbedici fan";"مروحة السحب المستحث";;"Heizungstechnik";;
"1375";"277";"Grille coulissante";"Schieberost";"Sliding grate";"Kayan ızgara";"شبكة انزلاقية";;"Heizungstechnik";;
"1475";"277";"Flux d'air secondaire";"Sekundärluftstrom";"Secondary air flow";"İkincil hava akışı";"تدفق الهواء الثانوي";;"Heizungstechnik";;
"110";"277";"Cendrier";"Aschelade";"Ash drawer";"Kül çekmecesi";"درج الرماد";;"Heizungstechnik";;
"176";"277";"Alimentation, automatique";"Beschickung, automatisch";"Feeding, automatic";"Besleme, otomatik";"التغذية، أوتوماتيكية";;"Heizungstechnik";;
"343";"277";"Vis d'alimentation";"Einbringschnecke";"Feed screw";"Besleme vidası";"برغي التغذية";;"Heizungstechnik";;
"1807";"277";"Réservoir";"Vorratsbehälter";"Storage hopper";"Depolama hunisi";"قادوس التخزين";;"Heizungstechnik";;
"1946";"277";"Allumage automatique";"Zündung, automatisch";"Ignition, automatic";"Otomatik ateşleme";"الإشعال، أوتوماتيكي";;"Heizungstechnik";;
"1839";"277";"Échangeur de chaleur";"Wärmeübertrager";"Heat exchanger";"Isı eşanjörü";"المبادل الحراري";;"Heizungstechnik";;
"114";"278";"Chaudières à gaz atmosphériques";"Atmosphärische Gaskessel";"Atmospheric gas boilers";"Atmosferik gaz kazanları";"غلايات الغاز الجوي";;"Heizungstechnik";;
"522";"278";"Chaudière à condensation au gaz, murale";"Gasbrennwertkessel, wandhängend";"Wall-mounted gas condensing boilers";"Duvara monte gazlı yoğuşmalı kazanlar";"غلايات الغاز التكثيفية المثبتة على الحائط";;"Heizungstechnik";;
"1628";"278";"Brûleur à rayonnement";"Strahlungsbrenner";"Radiant burner";"Radyant brülör";"الموقد الإشعاعي";;"Heizungstechnik";;
"533";"278";"Robinetterie de régulation et de sécurité du gaz";"Gasregel- und Sicherheitsarmatur";"Gas control and safety valves";"Gaz kontrol ve emniyet vanaları";"صمامات التحكم والسلامة للغاز";;"Heizungstechnik";;
"7";"278";"Collecteur d'échappement";"Abgassammler";"Flue gas collector";"Bacalı gaz toplayıcı";"مجمع غازات المداخن";;"Heizungstechnik";;
"1315";"278";"Retour";"Rücklauf";"Return";"Geri dönüş";"العودة";;"Heizungstechnik";;
"1803";"278";"départ";"Vorlauf";"Supply";"Besleme";"الإمداد";;"Heizungstechnik";;
"250";"279";"Chambre de combustion";"Brennraum";"Combustion chamber";"Yanma odası";"غرفة الاحتراق";;"Heizungstechnik";;
"251";"279";"Chaudière à condensation";"Brennwertkessel";"Condensing boiler";"Yoğuşmalı kazan";"غلاية التكثيف";;"Heizungstechnik";;
"1079";"279";"Chaudière à mazout basse température";"Niedertemperatur-Ölheizkessel";"Low-temperature oil boiler";"Düşük sıcaklıklı yağ kazanı";"مرجل زيت منخفض الحرارة";;"Heizungstechnik";;
"1109";"279";"Brûleur à mazout";"Ölbrenner";"Oil burner";"Yağ brülörü";"موقد يعمل بالزيت";;"Heizungstechnik";;
"1646";"279";"Brûleur à chute";"Sturzbrenner";"Downward-facing burner";"Aşağıya bakan brülör";"موقد موجه لأسفل";;"Heizungstechnik";;
"672";"279";"Tubes de gaz de chauffage (surfaces de chauffage verticales en aval)";"Heizgasrohre (senkrechte Nachschaltheizflächen)";"Heating gas pipes (vertical secondary heating surfaces)";"Isıtma gaz boruları (dikey ikincil ısıtma yüzeyleri)";"أنابيب غاز التسخين (أسطح التسخين الثانوية العمودية)";;"Heizungstechnik";;
"819";"279";"Échangeur de chaleur à condensation (surface de chauffage en aval)";"Kondensationswärmeübertrager (Nachschalt- heizfläche)";"Condensing heat exchanger (downstream heating surface)";"Yoğuşmalı ısı eşanjörü (akış yönündeki ısıtma yüzeyi)";"المبادل الحراري التكثيفي (سطح التسخين النهائي)";;"Heizungstechnik";;
"1854";"279";"Double chemise d'eau";"Wassermantel, doppelt";"Double water jacket";"Çift su ceketi";"غلاف مائي مزدوج";;"Heizungstechnik";;
"350";"280";"Système monotube";"Einrohrsystem";"Single-pipe system";"Tek borulu sistem";"نظام الأنبوب الواحد";;"Heizungstechnik";;
"1668";"280";"Système Tichelmann";"Tichelmannsystem";"Tichelmann system";"Tichelmann sistemi";"نظام تيشيلمان";;"Heizungstechnik";;
"416";"280";"Chauffage par étage";"Etagenheizung";"Floor heating";"Yerden ısıtma";"التدفئة الأرضية";;"Heizungstechnik";;
"1316";"280";"Retour, court";"Rücklauf, kurz";"Return, short";"Dönüş, kısa";"العودة، قصيرة";;"Heizungstechnik";;
"1317";"280";"Retour, long";"Rücklauf, lang";"Return, long";"Dönüş, uzun";"العودة، طويلة";;"Heizungstechnik";;
"1789";"280";"Répartiteur (VV, VR)";"Verteiler (VV, VR)";"Manifold (VV, VR)";"Dağıtıcı (VV, VR)";"المشعب (VV، VR)";;"Heizungstechnik";;
"1804";"280";"Avance, courte";"Vorlauf, kurz";"Supply, short";"Besleme, kısa";"الإمداد، قصير";;"Heizungstechnik";;
"1836";"280";"Compteur de chaleur (WZ)";"Wärmemengenzähler (WZ)";"Heat meter (WZ)";"Isı sayacı (WZ)";"عداد الحرارة (WZ)";;"Heizungstechnik";;
"1791";"280";"Distribution par étage";"Verteilung, etagenweise";"Distribution, by floor";"Dağıtım, kat bazında";"التوزيع، حسب الطابق";;"Heizungstechnik";;
"1805";"280";"Aller, long";"Vorlauf, lang";"Supply, long";"Besleme, uzun";"الإمداد، طويل";;"Heizungstechnik";;
"1955";"280";"Système à deux tuyaux";"Zweirohrsystem";"Two-pipe system";"İki borulu sistem";"نظام ثنائي الأنابيب";;"Heizungstechnik";;
"215";"281";"Revêtement de sol";"Bodenbelag";"Floor covering";"Zemin kaplaması";"تغطية الأرضيات";;"Heizungstechnik";;
"265";"281";"Isolation";"Dämmung";"Insulation";"Yalıtım";"العزل";;"Heizungstechnik";;
"415";"281";"Chape";"Estrich";"Screed";"Şap";"الطبقة التمهيدية";;"Heizungstechnik";;
"684";"281";"Conduite de chauffage sous le plafond de la cave";"Heizungsrohr unterhalb der Kellerdecke";"Heating pipe beneath the basement ceiling";"Bodrum tavanının altındaki ısıtma borusu";"أنبوب التدفئة تحت سقف الطابق السفلي";;"Heizungstechnik";;
"687";"281";"Distribution de chauffage";"Heizungsverteilung";"Heating distribution";"Isıtma dağıtımı";"توزيع التدفئة";;"Heizungstechnik";;
"929";"281";"Pose de câbles dans le sol";"Leitungsverlegung im Fußboden";"Pipe installation in the floor";"Zemine boru döşeme";"تركيب الأنابيب في الأرضية";;"Heizungstechnik";;
"930";"281";"Pose de câbles dans les plinthes";"Leitungsverlegung in Sockelleisten";"Cabling in baseboards";"Süpürgeliklere kablo döşeme";"توصيل الكابلات في القواعد";;"Heizungstechnik";;
"1264";"281";"Dalle en béton brut";"Rohbetondecke";"Exposed concrete ceiling";"Açık beton tavan";"سقف خرساني مكشوف";;"Heizungstechnik";;
"1840";"281";"Distribution de chaleur, horizontale";"Wärmeverteilung, waagrecht";"Heat distribution, horizontal";"Isıtma dağıtımı, yatay";"توزيع التدفئة، أفقي";;"Heizungstechnik";;
"1812";"281";"Gaine d'installation en applique";"Vorwand-Installationsschacht";"Pre-wall installation shaft";"Duvar öncesi montaj şaftı";"قناة التثبيت المسبقة في الجدار";;"Heizungstechnik";;
"1841";"281";"Conduite de distribution de chaleur, verticale";"Wärmeverteilungsleitung, senkrecht";"Heat distribution pipe, vertical";"Isı dağıtım borusu, dikey";"أنابيب توزيع الحرارة، عمودي";;"Heizungstechnik";;
"35";"282";"Entretoise";"Abstandshalter";"Spacer";"Ara parça";"فاصل";;"Heizungstechnik";;
"279";"282";"Entretoise";"Distanzhülse";"Spacer sleeve";"Ara parça manşonu";"جلبة فاصلة";;"Heizungstechnik";;
"1367";"282";"Collier de serrage";"Schelle";"Clamp";"Kelepçe";"مشبك";;"Heizungstechnik";;
"264";"282";"Gaine isolante avec fermeture autocollante";"Dämmschlauch mit Selbstklebeverschluss";"Insulation sleeve with self-adhesive closure";"Kendinden yapışkanlı kapamalı yalıtım manşonu";"غلاف عازل مزود بإغلاق ذاتي اللصق";;"Heizungstechnik";;
"685";"282";"Tuyau de chauffage, isolé";"Heizungsrohr, gedämmt";"Heating pipe, insulated";"Isıtma borusu, yalıtımlı";"أنبوب تدفئة، معزول";;"Heizungstechnik";;
"892";"282";"Tuyau en cuivre, isolé";"Kupferrohr, gedämmt";"Insulated copper pipe";"Yalıtımlı bakır boru";"أنبوب نحاسي معزول";;"Heizungstechnik";;
"1269";"282";"Fixation de tuyaux";"Rohrbefestigung";"Pipe fastener";"Boru tutucu";"مثبت الأنابيب";;"Heizungstechnik";;
"1289";"282";"Coque isolante pour tuyaux";"Rohrschale zur Wärmedämmung";"Pipe sleeve for thermal insulation";"Isı yalıtımı için boru manşonu";"غلاف أنبوب للعزل الحراري";;"Heizungstechnik";;
"31";"283";"Robinet d'arrêt";"Absperrhahn";"Shut-off valve";"Kesme vanası";"صمام إغلاق";;"Heizungstechnik";;
"32";"283";"Vanne papillon";"Absperrklappe";"Butterfly valve";"Kelebek vana";"صمام فراشة";;"Heizungstechnik";;
"33";"283";"Vanne à guillotine";"Absperrschieber";"Gate valve";"Sürgülü vana";"صمام بوابة";;"Heizungstechnik";;
"277";"284";"Clapet anti-retour Disco";"Disco-Rückschlagventil";"Disco check valve";"Disco çek valf";"صمام فحص ديسكو";;"Heizungstechnik";;
"303";"284";"Mélangeur à trois voies avec servomoteur";"Dreiwege-Mischer mit Stellmotor";"Three-way mixer with actuator";"Aktüatörlü üç yollu karıştırıcı";"خلاط ثلاثي الاتجاهات مزود بمشغل";;"Heizungstechnik";;
"1319";"284";"Clapet anti-retour";"Rückschlagklappe";"Check valve";"Çek valf";"صمام فحص";;"Heizungstechnik";;
"1630";"284";"Vanne de régulation de ligne";"Strangregulierventil";"Line control valve";"Hat kontrol vanası";"صمام التحكم في الخط";;"Heizungstechnik";;
"1205";"284";"Robinet à boisseau sphérique de la pompe";"Pumpenkugelhahn";"Pump ball valve";"Pompa küresel vanası";"صمام كروي للمضخة";;"Heizungstechnik";;
"1389";"284";"Filtre à impuretés";"Schmutzfänger";"Strainer";"Süzgeç";"مصفاة";;"Heizungstechnik";;
"1716";"284";"Soupape de décharge";"Überströmventil";"Relief valve";"Emniyet vanası";"صمام تنفيس";;"Heizungstechnik";;
"1835";"284";"Compteur de chaleur";"Wärmemengenzähler";"Heat meter";"Isı sayacı";"عداد الحرارة";;"Heizungstechnik";;
"962";"284";"Séparateur d'air";"Luftabscheider";"Air separator";"Hava ayırıcı";"فاصل الهواء";;"Heizungstechnik";;
"486";"285";"Capteur de niveau";"Flüssigkeitsfühler";"Liquid sensor";"Sıvı sensörü";"مستشعر السائل";;"Heizungstechnik";;
"579";"285";"raccord fileté";"Gewindeanschluss";"Threaded connection";"Dişli bağlantı";"وصلة ملولبة";;"Heizungstechnik";;
"1227";"285";"Écrou moleté";"Rändelmutter";"Knurled nut";"Tırtıllı somun";"صامولة مخرشة";;"Heizungstechnik";;
"1322";"285";"Ressort de rappel";"Rückstellfeder";"Return spring";"Geri çekme yayı";"نابض رجوع";;"Heizungstechnik";;
"1665";"285";"Tête thermostatique";"Thermostatkopf";"Thermostat head";"Termostat kafası";"رأس منظم الحرارة";;"Heizungstechnik";;
"1763";"285";"Corps de vanne";"Ventilgehäuse";"Valve body";"Vana gövdesi";"جسم الصمام";;"Heizungstechnik";;
"1764";"285";"Cône de vanne";"Ventilkegel";"Valve plug";"Valf tapası";"سدادة الصمام";;"Heizungstechnik";;
"1765";"285";"Siège de vanne";"Ventilsitz";"Valve seat";"Valf yuvası";"مقعد الصمام";;"Heizungstechnik";;
"676";"285";"Raccord vissé pour radiateur";"Heizkörperanschlussverschraubung";"Radiator connection fitting";"Radyatör bağlantı parçası";"وصلة توصيل المبرد";;"Heizungstechnik";;
"1766";"285";"Tige de vanne";"Ventilspindel";"Valve stem";"Vana mili";"ساق الصمام";;"Heizungstechnik";;
"1667";"285";"Vanne thermostatique";"Thermostatventil";"Thermostatic valve";"Termostatik vana";"صمام ترموستاتي";;"Heizungstechnik";;
"701";"286";"Pompe à haut rendement";"Hocheffizienzpumpe";"High-efficiency pump";"Yüksek verimli pompa";"مضخة عالية الكفاءة";;"Heizungstechnik";;
"780";"286";"Raccordement de chaudière";"Kesselanschluss";"Boiler connection";"Kazan bağlantısı";"وصلة الغلاية";;"Heizungstechnik";;
"1202";"286";"Pompe";"Pumpe";"Pump";"Pompa";"المضخة";;"Heizungstechnik";;
"1203";"286";"Pompe dans le circuit aller";"Pumpe im Vorlauf";"Pump in the supply line";"Besleme hattındaki pompa";"المضخة في خط الإمداد";;"Heizungstechnik";;
"1350";"286";"Zone d'aspiration";"Saugbereich";"Suction range";"Emme aralığı";"نطاق الشفط";;"Heizungstechnik";;
"306";"286";"Plage de pression";"Druckbereich";"Pressure side";"Basınç tarafı";"جانب الضغط";;"Heizungstechnik";;
"781";"286";"Distributeur de chaudière";"Kesselverteiler";"Boiler manifold";"Kazan manifoldu";"مشعب الغلاية";;"Heizungstechnik";;
"1806";"286";"Collecteur d'alimentation et collecteur de retour, combinés";"Vorlaufverteiler und Rücklaufsammler, kombiniert";"Flow manifold and return manifold, combined";"Akış manifoldu ve dönüş manifoldu, birleştirilmiş";"مشعب التدفق ومشعب العودة، مدمجان";;"Heizungstechnik";;
"1046";"287";"Boîtier du moteur";"Motorgehäuse";"Motor housing";"Motor gövdesi";"غلاف المحرك";;"Heizungstechnik";;
"1064";"287";"Pompe à rotor noyé";"Nassläuferpumpe";"Wet-run pump";"Islak çalışmalı pompa";"مضخة تعمل في حالة الرطوبة";;"Heizungstechnik";;
"1206";"287";"Arbre de pompe";"Pumpenwelle";"Pump shaft";"Pompa mili";"عمود المضخة";;"Heizungstechnik";;
"1307";"287";"Rotor";"Rotor";"Rotor";"Rotor";"الدوار";;"Heizungstechnik";;
"1308";"287";"Arbre de rotor";"Rotorwelle";"Rotor shaft";"Rotor mili";"عمود الدوار";;"Heizungstechnik";;
"1353";"287";"Bague d'aspiration";"Saugring";"Suction ring";"Emme halkası";"حلقة الشفط";;"Heizungstechnik";;
"1586";"287";"stator";"Stator";"Stator";"Stator";"الجزء الثابت";;"Heizungstechnik";;
"313";"287";"Raccord de pression";"Druckstutzen";"Discharge port";"Tahliye deliği";"منفذ التفريغ";;"Heizungstechnik";;
"341";"287";"Encastrable";"Einbau";"Installation";"Kurulum";"التركيب";;"Heizungstechnik";;
"913";"287";"Roue";"Laufrad";"Impeller";"Pervane";"الدفاعة";;"Heizungstechnik";;
"1354";"287";"Raccord d'aspiration";"Saugstutzen";"Suction port";"Emme deliği";"فتحة الشفط";;"Heizungstechnik";;
"617";"288";"Radiateur en fonte";"Gussradiator";"Cast iron radiator";"Dökme demir radyatör";"مشعاع من الحديد الزهر";;"Heizungstechnik";;
"642";"288";"Sèche-serviettes";"Handtuchtrockner";"Towel warmer";"Havlu ısıtıcısı";"جفافة المناشف";;"Heizungstechnik";;
"643";"288";"Radiateur pour serviettes";"Handtuch-Wärmekörper";"Towel Radiator";"Havlu radyatörü";"مشعاع مناشف";;"Heizungstechnik";;
"1574";"288";"Radiateur en acier";"Stahlradiator";"Steel radiator";"Çelik radyatör";"مشعاع فولاذي";;"Heizungstechnik";;
"1578";"288";"Radiateur à tubes en acier";"Stahlröhrenradiator";"Steel tubular radiator";"Çelik boru radyatör";"مشعاع أنبوبي فولاذي";;"Heizungstechnik";;
"1954";"288";"Raccordement à deux points";"Zweipunktanschluss";"Two-point connection";"İki noktalı bağlantı";"توصيل ثنائي النقاط";;"Heizungstechnik";;
"1956";"288";"Corps de vanne thermostatique à deux tubes";"Zweirohr-Thermostatventilunterteil";"Two-pipe thermostatic valve base";"İki borulu termostatik vana tabanı";"قاعدة صمام ترموستاتي ثنائي الأنابيب";;"Heizungstechnik";;
"302";"289";"Vanne de radiateur à trois voies";"Dreiwege-Heizkörperventil";"Three-way radiator valve";"Üç yollu radyatör vanası";"صمام مشعاع ثلاثي الاتجاهات";;"Heizungstechnik";;
"459";"289";"Radiateur plat";"Flachheizkörper";"Flat panel radiator";"Düz panel radyatör";"مشعاع مسطح";;"Heizungstechnik";;
"1160";"289";"Radiateur à plaques";"Plattenheizkörper";"Panel radiator";"Panel radyatör";"مشعاع لوحي";;"Heizungstechnik";;
"1602";"289";"Colonne montante";"Steigrohr";"Riser pipe";"Yükseltici boru";"أنبوب صاعد";;"Heizungstechnik";;
"1762";"289";"Garniture de vanne pour chauffages monotubes";"Ventilgarnitur für Einrohrheizungen";"Valve assembly for single-pipe heating systems";"Tek borulu ısıtma sistemleri için vana grubu";"مجموعة صمامات لأنظمة التدفئة أحادية الأنبوب";;"Heizungstechnik";;
"1767";"289";"Partie inférieure de la vanne";"Ventilunterteil";"Valve body";"Vana gövdesi";"جسم الصمام";;"Heizungstechnik";;
"1245";"289";"Disque de régulation";"Regulierteller";"Control disc";"Kontrol diski";"قرص التحكم";;"Heizungstechnik";;
"1603";"289";"Ensemble de vannes pour colonne montante dans les systèmes de chauffage à deux tubes";"Steigrohr-Ventilgarnitur für Zweirohrheizungen";"Riser pipe valve assembly for two-pipe heating systems";"İki borulu ısıtma sistemleri için yükseltici boru vana grubu";"مجموعة صمامات الأنابيب الصاعدة لأنظمة التدفئة ثنائية الأنابيب";;"Heizungstechnik";;
"830";"290";"Convecteur";"Konvektor";"Convector";"Konvektör";"المحول الحراري";;"Heizungstechnik";;
"1507";"290";"Convecteur sur socle";"Sockelkonvektor";"Base convector";"Taban konvektörü";"المحول الحراري القاعدي";;"Heizungstechnik";;
"388";"290";"Radiateur à vanne à économie d'énergie";"Energiespar-Ventilheizkörper";"Energy-saving valve radiator";"Enerji tasarruflu radyatör vanası";"صمام موفر للطاقة للمشعاع";;"Heizungstechnik";;
"397";"290";"Vanne de vidange";"Entleerungsventil";"Drain valve";"Tahliye vanası";"صمام تصريف";;"Heizungstechnik";;
"860";"290";"Raccord à vis à bille pour radiateur à vanne";"Kugelhahnverschraubung für Ventilheizkörper";"Ball valve fitting for valve radiators";"Valf radyatörleri için küresel vana bağlantı parçası";"وصلة صمام كروي لمشعات الصمامات";;"Heizungstechnik";;
"1742";"290";"Convecteur encastré";"Unterflurkonvektor";"Underfloor convector";"Yerden ısıtmalı konvektör";"المحول الحراري الأرضي";;"Heizungstechnik";;
"225";"291";"Support de forage";"Bohrkonsole";"Drilling bracket";"Delme braketi";"حامل الحفر";;"Heizungstechnik";;
"419";"291";"Excentrique";"Exzenter";"Eccentric";"Eksantrik";"غير مركزي";;"Heizungstechnik";;
"624";"291";"Support";"Halter";"Bracket";"Braket";"حامل";;"Heizungstechnik";;
"821";"291";"Pied de console";"Konsolenfuß";"Bracket base";"Braket tabanı";"قاعدة الحامل";;"Heizungstechnik";;
"359";"291";"Console monobloc";"Einstückkonsole";"One-piece bracket";"Tek parça braket";"حامل من قطعة واحدة";;"Heizungstechnik";;
"822";"291";"Traverse de console";"Konsolensteg";"Bracket crossbar";"Braket çapraz çubuğu";"عارضة الحامل";;"Heizungstechnik";;
"1489";"291";"Étrier de sécurité";"Sicherungsbügel";"Safety bracket";"Güvenlik braketi";"حامل أمان";;"Heizungstechnik";;
"1581";"291";"Support sur pied";"Standkonsole";"Floor bracket";"Zemin braketi";"حامل أرضي";;"Heizungstechnik";;
"1815";"291";"Entretoise murale";"Wandabstandshalter";"Wall spacer";"Duvar ara parçası";"فاصل الحائط";;"Heizungstechnik";;
"95";"292";"Robinet à boisseau sphérique de raccordement";"Anschlusskugelhahn";"Connection ball valve";"Bağlantı küresel vanası";"صمام كروي للتوصيل";;"Heizungstechnik";;
"362";"292";"Régulation individuelle par pièce";"Einzelraumregelung";"Individual room control";"Oda bazında kontrol";"التحكم الفردي في الغرفة";;"Heizungstechnik";;
"402";"292";"Soupape de purge";"Entlüftungsventil";"Vent valve";"Havalandırma vanası";"صمام التهوية";;"Heizungstechnik";;
"501";"292";"Robinet de remplissage et de vidange";"Füll- und Entleerungshahn";"Fill and drain valve";"Dolum ve boşaltma vanası";"صمام التعبئة والتفريغ";;"Heizungstechnik";;
"512";"292";"Chauffage au sol";"Fußbodenheizung";"Underfloor heating";"Yerden ısıtma";"التدفئة الأرضية";;"Heizungstechnik";;
"1790";"292";"Armoire de distribution";"Verteilerschrank";"Manifold cabinet";"Manifold dolabı";"خزانة التوزيع";;"Heizungstechnik";;
"1745";"292";"Boîtier encastré";"Unterputzkasten";"Flush-mounted box";"Gömme kutu";"صندوق مدمج";;"Heizungstechnik";;
"15";"293";"Entonnoir de vidange";"Ablauftrichter";"Drain funnel";"Boşaltma hunisi";"قمع تصريف";;"Heizungstechnik";;
"93";"293";"Raccord pour le tuyau de remplissage";"Anschluss für den Füllschlauch";"Connection for the fill hose";"Doldurma hortumu bağlantısı";"وصلة لخرطوم التعبئة";;"Heizungstechnik";;
"974";"293";"Réservoir d'air";"Lufttopf";"Air vent";"Hava tahliye vanası";"فتحة تهوية";;"Heizungstechnik";;
"1405";"293";"Purgeur rapide";"Schnellentlüfter";"Quick-release vent";"Hızlı açılır havalandırma";"فتحة تهوية سريعة التحرير";;"Heizungstechnik";;
"1465";"293";"Purgeur flottant";"Schwimmentlüfter";"Float vent";"Şamandıralı havalandırma";"فتحة تهوية العوامة";;"Heizungstechnik";;
"393";"293";"Robinet d'adoucissement";"Enthärtungsarmatur";"Water softener valve";"Su yumuşatıcı vanası";"صمام مطهر المياه";;"Heizungstechnik";;
"503";"293";"Combinaison de remplissage";"Füllkombination";"Filling combination";"Doldurma kombinasyonu";"مجموعة التعبئة";;"Heizungstechnik";;
"1649";"293";"Sectionneur";"Systemtrenner";"System separator";"Sistem ayırıcı";"فاصل النظام";;"Heizungstechnik";;
"400";"294";"Clé de purge";"Entlüftungsschlüssel";"Vent key";"Havalandırma anahtarı";"مفتاح التهوية";;"Heizungstechnik";;
"401";"294";"Bouchon de purge";"Entlüftungsstopfen";"Vent plug";"Havalandırma tapası";"سدادة التهوية";;"Heizungstechnik";;
"973";"294";"Sas";"Luftschleuse";"Air lock";"Hava kilidi";"قفل الهواء";;"Heizungstechnik";;
"396";"294";"Robinet de vidange";"Entleerungsarmatur";"Drain valve";"Tahliye vanası";"صمام التصريف";;"Heizungstechnik";;
"1";"295";"Plaque de recouvrement";"Abdeckplatte";"Cover plate";"Kapak plakası";"لوحة الغطاء";;"Heizungstechnik";;
"261";"295";"Toiture";"Dach";"Roof";"Çatı";"السقف";;"Heizungstechnik";;
"318";"295";"Traversée, ventilée";"Durchführung, belüftet";"Ventilated feed-through";"Havalandırmalı geçiş parçası";"ممر تهوية";;"Heizungstechnik";;
"1237";"295";"Collier anti-pluie";"Regenabweiskragen";"Rain deflector collar";"Yağmur saptırıcı bilezik";"طوق عاكس المطر";;"Heizungstechnik";;
"1580";"295";"Cheminée en acier";"Stahlschornstein";"Steel chimney";"Çelik baca";"مدخنة فولاذية";;"Heizungstechnik";;
"1000";"295";"Disque Meidinger";"Meidinger Scheibe";"Meidinger disc";"Meidinger diski";"قرص ميدينجر";;"Heizungstechnik";;
"1705";"295";"Raccord en T avec pot de collecte des suies et des condensats";"T-Stück mit Ruß- und Kondensat-Sammeltopf";"T-piece with soot and condensate collection pot";"Kurum ve yoğuşma suyu toplama hazneli T parçası";"قطعة على شكل حرف T مزودة بوعاء لتجميع السخام والمكثفات";;"Heizungstechnik";;
"1410";"296";"Cheminée";"Schornstein";"Chimney";"Baca";"المدخنة";;"Heizungstechnik";;
"262";"297";"Combles";"Dachgeschoss (DG)";"Attic";"Çatı katı";"العلية";;"Heizungstechnik";;
"361";"297";"Foyer individuel";"Einzelfeuerstätte";"Single-unit fireplace";"Tek parça şömine";"مدفأة أحادية الوحدة";;"Heizungstechnik";;
"774";"297";"Sous-sol";"Kellergeschoss";"Basement";"Bodrum";"الطابق السفلي";;"Heizungstechnik";;
"999";"297";"à affectations multiples";"mehrfach belegt";"multiple uses";"çok amaçlı kullanım";"استخدامات متعددة";;"Heizungstechnik";;
"1101";"297";"Étage supérieur";"Obergeschoss";"Upper floor";"Üst kat";"الطابق العلوي";;"Heizungstechnik";;
"1209";"297";"Trappe de nettoyage";"Putztür";"Access door";"Erişim kapısı";"باب الوصول";;"Heizungstechnik";;
"1253";"297";"Trappe d'inspection pour le conduit d'évacuation d'air";"Revisionstür für den Abluftschacht";"Inspection door for the exhaust flue";"Egzoz bacası için kontrol kapısı";"باب فحص لمجرى العادم";;"Heizungstechnik";;
"1411";"297";"Cheminée, à simple usage";"Schornstein, einfach belegt";"Chimney, single-flue";"Tek bacalı baca";"مدخنة ذات ممر واحد";;"Heizungstechnik";;
"1729";"297";"Enceinte";"Ummauerung";"Enclosure";"Muhafaza";"الهيكل";;"Heizungstechnik";;
"339";"297";"Rez-de-chaussée";"EG";"Ground floor";"Zemin kat";"الطابق الأرضي";;"Heizungstechnik";;
"674";"297";"Chaudière avec dispositif de sécurité de débit";"Heizkessel mit Strömungssicherung";"Boiler with flow restrictor";"Akış sınırlayıcılı kazan";"غلاية مزودة بمحدد التدفق";;"Heizungstechnik";;
"681";"297";"Ouverture d'évacuation d'air de la chaufferie";"Heizraum-Abluftöffnung";"Boiler room exhaust vent";"Kazan dairesi egzoz havalandırması";"فتحة تهوية غرفة المرجل";;"Heizungstechnik";;
"782";"297";"KG";"KG";"Basement";"Bodrum";"الطابق السفلي";;"Heizungstechnik";;
"1105";"297";"Étage";"OG";"First floor";"Birinci kat";"الطابق الأول";;"Heizungstechnik";;
"1247";"297";"Bouchon de nettoyage";"Reinigungsverschluss";"Cleaning plug";"Temizleme tapası";"سدادة التنظيف";;"Heizungstechnik";;
"1412";"297";"Tête de cheminée";"Schornsteinkopf";"Chimney cap";"Baca kapağı";"غطاء المدخنة";;"Heizungstechnik";;
"1413";"297";"Embouchure de cheminée";"Schornsteinmündung";"Chimney outlet";"Baca çıkışı";"مخرج المدخنة";;"Heizungstechnik";;
"1414";"297";"Socle de cheminée";"Schornsteinsockel";"Chimney base";"Baca tabanı";"قاعدة المدخنة";;"Heizungstechnik";;
"1941";"297";"Ouverture d'air entrant";"Zuluftöffnung";"Supply air opening";"Hava girişi";"فتحة تزويد الهواء";;"Heizungstechnik";;
"4";"298";"Clapet de fumée à commande motorisée";"Abgasklappe, motorisch gesteuert";"Exhaust damper, motor-controlled";"Egzoz damperi, motor kontrollü";"مخمد العادم، يتم التحكم فيه بواسطة محرك";;"Heizungstechnik";;
"5";"298";"Clapet d'échappement à commande thermique";"Abgasklappe, thermisch gesteuert";"Exhaust damper, thermally controlled";"Egzoz damperi, termal kontrollü";"صمام العادم، يتم التحكم فيه حرارياً";;"Heizungstechnik";;
"6";"298";"Tuyau d'échappement";"Abgasrohr";"Exhaust pipe";"Egzoz borusu";"أنبوب العادم";;"Heizungstechnik";;
"560";"298";"ouvert";"geöffnet";"Open";"Açık";"مفتوح";;"Heizungstechnik";;
"569";"298";"fermé";"geschlossen";"closed";"kapalı";"مغلق";;"Heizungstechnik";;
"788";"298";"clapet";"Klappe";"Flap";"Kanat";"الرفرف";;"Heizungstechnik";;
"789";"298";"Arbre de clapet";"Klappenwelle";"Valve shaft";"Valf mili";"عمود الصمام";;"Heizungstechnik";;
"1608";"298";"Servomoteur";"Stellmotor";"Actuator";"Aktüatör";"المشغل";;"Heizungstechnik";;
"8";"299";"Mesure des pertes de gaz d'échappement";"Abgasverlustmessung";"Exhaust gas leakage measurement";"Egzoz gazı sızıntısı ölçümü";"قياس تسرب غاز العادم";;"Heizungstechnik";;
"166";"299";"Échelle de Bacharach";"Bacharach-Skala";"Bacharach scale";"Bacharach ölçeği";"مقياس باشاراك";;"Heizungstechnik";;
"828";"299";"Impression de contrôle";"Kontrollausdruck";"Control printout";"Kontrol çıktısı";"نسخة مطبوعة للتحكم";;"Heizungstechnik";;
"1330";"299";"Mesure de la suie dans le tuyau d'échappement";"Rußmessung im Abgasrohr";"Soot measurement in the exhaust pipe";"Egzoz borusunda kurum ölçümü";"قياس السخام في أنبوب العادم";;"Heizungstechnik";;
"1331";"299";"Pompe à suie";"Rußpumpe";"Soot pump";"Kurum pompası";"مضخة السخام";;"Heizungstechnik";;
"1332";"299";"Déterminer l'indice de suie";"Rußzahl bestimmen";"Determine soot count";"Kurum sayısını belirleme";"تحديد عدد جزيئات السخام";;"Heizungstechnik";;
"449";"299";"Fixer la feuille filtrante";"Filterblatt einspannen";"Clamp the filter sheet";"Filtre tabakasını sıkıştırma";"تثبيت ورقة المرشح";;"Heizungstechnik";;
"964";"303";"Sortie d'air";"Luftauslass";"Air outlet";"Hava çıkışı";"مخرج الهواء";;"Klimatechnik";;
"968";"303";"Entrée d'air";"Lufteinlass";"Air inlet";"Hava girişi";"مدخل الهواء";;"Klimatechnik";;
"971";"303";"Conduite d'air";"Luftleitung";"Air duct";"Hava kanalı";"قناة الهواء";;"Klimatechnik";;
"1761";"303";"Ventilateur";"Ventilator";"Fan";"Fan";"المروحة";;"Klimatechnik";;
"1728";"304";"air recyclé";"Umluft";"Recirculation";"Devridaim";"إعادة التدوير";;"Klimatechnik";;
"22";"304";"Ventilateur d'évacuation";"Abluftventilator";"Exhaust fan";"Egzoz fanı";"مروحة العادم";;"Klimatechnik";;
"389";"304";"Déshumidifier";"Entfeuchten";"Dehumidification";"Nem alma";"إزالة الرطوبة";;"Klimatechnik";;
"969";"304";"Réchauffeur d'air";"Lufterhitzer";"Air heater";"Hava ısıtıcısı";"سخان الهواء";;"Klimatechnik";;
"1942";"304";"Ventilateur d'air entrant";"Zuluftventilator";"Supply air fan";"Besleme havası fanı";"مروحة تزويد الهواء";;"Klimatechnik";;
"965";"305";"Humidificateur";"Luftbefeuchter";"Humidifier";"Nemlendirici";"مرطب";;"Klimatechnik";;
"1837";"305";"Récupération de chaleur";"Wärmerückgewinnung";"Heat recovery";"Isı geri kazanımı";"استرداد الحرارة";;"Klimatechnik";;
"66";"306";"Filtre à charbon actif";"Aktivkohlefilter";"Activated carbon filter";"Aktif karbon filtre";"مرشح الكربون المنشط";;"Klimatechnik";;
"164";"306";"Ventilateur axial";"Axialventilator";"Axial fan";"Eksenel fan";"مروحة محورية";;"Klimatechnik";;
"494";"306";"Roue libre";"Freiläufer";"Free-wheeling fan";"Serbest dönmeli fan";"مروحة ذات دوران حر";;"Klimatechnik";;
"1018";"306";"Filtre métallique";"Metallfilter";"Metal filter";"Metal filtre";"مرشح معدني";;"Klimatechnik";;
"1226";"306";"Ventilateur radial";"Radialventilator";"Centrifugal fan";"Santrifüj fan";"مروحة طرد مركزي";;"Klimatechnik";;
"165";"306";"Ventilateur axial pour montage mural";"Axialventilator für den Wandeinbau";"Axial fan for wall mounting";"Duvara monte edilmek üzere tasarlanmış eksenel fan";"مروحة محورية للتركيب على الحائط";;"Klimatechnik";;
"185";"306";"Filtre à manches";"Beutelfilter";"Bag filter";"Torba filtre";"مرشح كيس";;"Klimatechnik";;
"450";"306";"Tapis filtrants";"Filtermatten";"Filter mats";"Filtre keçeleri";"حشيات الترشيح";;"Klimatechnik";;
"1158";"306";"Filtre plan";"Planfilter";"Flat filter";"Düz filtre";"مرشح مسطح";;"Klimatechnik";;
"1300";"306";"Filtre à bande enroulable";"Rollbandfilter";"Roll-type filter";"Rulo tipi filtre";"مرشح من النوع اللولبي";;"Klimatechnik";;
"403";"307";"Drainage";"Entwässerung";"Drainage";"Drenaj";"التصريف";;"Klimatechnik";;
"1161";"307";"Échangeur de chaleur à plaques";"Plattenwärmetauscher";"Plate heat exchangers";"Plakalı ısı eşanjörleri";"المبادلات الحرارية اللوحية";;"Klimatechnik";;
"1162";"307";"Échangeur de chaleur à plaques";"Plattenwärmeübertrager";"Plate heat exchangers";"Plakalı ısı eşanjörleri";"المبادلات الحرارية اللوحية";;"Klimatechnik";;
"1844";"307";"Réchauffeur d'air à eau chaude";"Warmwasserlufterhitzer";"Hot water air heater";"Sıcak su hava ısıtıcısı";"سخان الهواء بالماء الساخن";;"Klimatechnik";;
"375";"307";"Réchauffeur d'air électrique";"Elektrolufterhitzer";"Electric air heater";"Elektrikli hava ısıtıcısı";"سخان الهواء الكهربائي";;"Klimatechnik";;
"266";"308";"Humidificateur à vapeur";"Dampfbefeuchter";"Steam humidifiers";"Buharlı nemlendiriciler";"مرطبات بخارية";;"Klimatechnik";;
"864";"308";"Coulisse";"Kulisse";"Sliding damper";"Sürgülü damper";"مخمد انزلاقي";;"Klimatechnik";;
"865";"308";"Silencieux de coulisse";"Kulissenschalldämpfer";"Duct silencer";"Kanal susturucusu";"كاتم صوت مجاري الهواء";;"Klimatechnik";;
"1779";"308";"Humidificateur à évaporation";"Verdunstungsbefeuchter";"Evaporative humidifier";"Evaporatif nemlendirici";"مرطب تبخيري";;"Klimatechnik";;
"1363";"308";"Structure de silencieux";"Schalldämpferkulisse";"Silencer assembly";"Susturucu grubu";"مجموعة كاتم الصوت";;"Klimatechnik";;
"1653";"308";"Silencieux téléphonique";"Telefonieschalldämpfer";"Telephony silencer";"Telefon susturucu";"كاتم صوت الهاتف";;"Klimatechnik";;
"1727";"308";"Humidificateur à pulvérisation en circuit fermé";"Umlaufsprühbefeuchter";"Recirculating spray humidifier";"Devridaim püskürtmeli nemlendirici";"مرطب بالرش مع إعادة التدوير";;"Klimatechnik";;
"149";"309";"Sortie";"Auslass";"Outlet";"Çıkış";"مخرج";;"Klimatechnik";;
"740";"309";"Orifice d'inspection";"Inspektionsöffnung";"Inspection opening";"Muayene açıklığı";"فتحة الفحص";;"Klimatechnik";;
"871";"309";"Conduite en plastique";"Kunststoffleitung";"Plastic pipe";"Plastik boru";"أنبوب بلاستيكي";;"Klimatechnik";;
"904";"309";"Lamelles";"Lamellen";"Fins";"Kanatçıklar";"زعانف";;"Klimatechnik";;
"979";"309";"Grille de ventilation";"Lüftungsgitter";"Ventilation grille";"Havalandırma ızgarası";"شبكة تهوية";;"Klimatechnik";;
"1378";"309";"Tuyau en aluminium, flexible";"Schlauch aus Aluminium, flexibel";"Aluminum hose, flexible";"Esnek alüminyum hortum";"خرطوم مرن من الألومنيوم";;"Klimatechnik";;
"1379";"309";"Tuyau isolé";"Schlauch, gedämmt";"Insulated hose";"Yalıtımlı hortum";"خرطوم معزول";;"Klimatechnik";;
"1770";"309";"Raccord";"Verbinder";"Connectors";"Bağlantı elemanları";"موصلات";;"Klimatechnik";;
"1590";"309";"Système d'emboîtement et d'étanchéité";"Steck- und Dichtungssystem";"Plug-in and sealing system";"Takılabilir ve sızdırmazlık sistemi";"نظام التوصيل والإحكام";;"Klimatechnik";;
"1654";"309";"Vanne à disque pour l'air évacué";"Tellerventil für Abluft";"Diaphragm valve for exhaust air";"Egzoz havası için diyafram valfi";"صمام غشائي للهواء العادم";;"Klimatechnik";;
"1871";"309";"Vanne à longue portée pour l'air d'alimentation";"Weitwurfventil für Zuluft";"Long-throw valve for supply air";"Besleme havası için uzun stroklu vana";"صمام طويل المدى لهواء التغذية";;"Klimatechnik";;
"21";"311";"Zone d'air évacué";"Abluft-Bereich";"Exhaust air section";"Egzoz havası bölümü";"قسم الهواء العادم";;"Klimatechnik";;
"977";"311";"Appareil de ventilation";"Lüftungsgerät";"Ventilation unit";"Havalandırma ünitesi";"وحدة التهوية";;"Klimatechnik";;
"978";"311";"Appareil de ventilation décentralisé";"Lüftungsgerät, dezentral";"Decentralized ventilation unit";"Merkezi olmayan havalandırma ünitesi";"وحدة تهوية لامركزية";;"Klimatechnik";;
"981";"311";"Système de ventilation central";"Lüftungssystem, zentral";"Central ventilation system";"Merkezi havalandırma sistemi";"نظام التهوية المركزي";;"Klimatechnik";;
"1714";"311";"Zone de décharge";"Überström-Bereich";"Overflow section";"Taşma bölümü";"قسم الفائض";;"Klimatechnik";;
"1715";"311";"Passage d'air de décharge";"Überströmluftdurchlass";"Overflow air vent";"Taşma hava deliği";"فتحة تهوية الفائض";;"Klimatechnik";;
"1939";"311";"Zone d'air entrant";"Zuluft-Bereich";"Supply air section";"Besleme havası bölümü";"قسم تزويد الهواء";;"Klimatechnik";;
"1940";"311";"Mode d'alimentation en air";"Zuluftmodus";"Supply air mode";"Hava besleme modu";"وضع تزويد الهواء";;"Klimatechnik";;
"1005";"111";"Appareil de mesure";"Messgerät";"Measuring device";"Ölçüm cihazı";"جهاز القياس";;"Klimatechnik";;
"890";"136";"tube en cuivre";"Kupferrohr";"Copper pipe";"Bakır boru";"أنبوب نحاسي";;"Klimatechnik";;
"878";"136";"Cuivre";"Kupfer";"Copper";"Bakır";"نحاس";;"Klimatechnik";;
"1446";"140";"soudable";"schweißbar";"weldable";"kaynaklanabilir";"قابل للحام";;"Klimatechnik";;
"1290";"148";"Collier de serrage";"Rohrschelle";"Pipe clamp";"Boru kelepçesi";"مشبك الأنابيب";;"Klimatechnik";;
"446";"151";"Filtre";"Filter";"Filter";"Filtre";"مرشح";;"Klimatechnik";;
"1833";"158";"Isolation thermique";"Wärmedämmung";"Thermal insulation";"Isı yalıtımı";"العزل الحراري";;"Klimatechnik";;
"377";"168";"électrolyte";"Elektrolyt";"Electrolyte";"Elektrolit";"محلول كهربائي";;"Klimatechnik";;
"1521";"168";"Appareil de mesure de tension";"Spannungsmessgerät";"Voltage meter";"Voltaj ölçer";"مقياس الجهد";;"Klimatechnik";;
"1564";"171";"Acier";"Stahl";"Steel";"Çelik";"الفولاذ";;"Klimatechnik";;
"1773";"188";"Consommateur";"Verbraucher";"Consumer";"Tüketici";"المستهلك";;"Klimatechnik";;
"1365";"188";"Interrupteur";"Schalter";"Switch";"Anahtar";"مفتاح";;"Klimatechnik";;
"1888";"191";"Résistance R";"Widerstand R";"Resistance R";"Direnç R";"المقاومة R";;"Klimatechnik";;
"1439";"196";"Conducteur de protection";"Schutzleiter";"Protective conductor";"Koruyucu iletken";"موصل الحماية";;"Klimatechnik";;
"34";"219";"Vanne d'arrêt";"Absperrventil";"Shut-off valve";"Kesme vanası";"صمام الإغلاق";;"Klimatechnik";;
"1583";"219";"Tuyau vertical";"Standrohr";"Riser pipe";"Yükseltici boru";"أنبوب صاعد";;"Klimatechnik";;
"45";"220";"Dérivation";"Abzweig";"Branch";"Dallanma";"الفرع";;"Klimatechnik";;
"30";"221";"Robinet d'arrêt";"Absperrarmatur";"Shut-off valve";"Kesme vanası";"صمام الإغلاق";;"Klimatechnik";;
"1310";"230";"clapet anti-retour";"Rückflussverhinderer";"Backflow preventer";"Geri akış önleyici";"مانع التدفق العكسي";;"Klimatechnik";;
"1712";"233";"Tuyau de trop-plein";"Überlaufrohr";"Overflow pipe";"Taşma borusu";"أنبوب الفائض";;"Klimatechnik";;
"1943";"241";"Électrode d'allumage";"Zündelektrode";"Ignition electrode";"Ateşleme elektrotu";"قطب الإشعال";;"Klimatechnik";;
"1838";"243";"Échangeur de chaleur";"Wärmetauscher";"Heat exchanger";"Isı eşanjörü";"المبادل الحراري";;"Klimatechnik";;
"121";"268";"bac de rétention";"Auffangwanne";"Drip tray";"Damlama tepsisi";"صينية تقطير";;"Klimatechnik";;
"1463";"284";"Frein à gravité";"Schwerkraftbremse";"Gravity brake";"Yerçekimi freni";"مكابح الجاذبية";;"Klimatechnik";;
"159";"303";"Air extérieur";"Außenluft";"Outside air";"Dış hava";"الهواء الخارجي";;"Klimatechnik";;
"490";"303";"Air évacué";"Fortluft";"Exhaust air";"Egzoz havası";"الهواء العادم";;"Klimatechnik";;
"20";"303";"Air évacué";"Abluft";"Exhaust air";"Egzoz havası";"الهواء العادم";;"Klimatechnik";;
"1938";"303";"Air entrant";"Zuluft";"Supply air";"Besleme havası";"هواء التغذية";;"Klimatechnik";;
"970";"304";"Refroidisseur d'air";"Luftkühler";"Air cooler";"Hava soğutucu";"مبرد الهواء";;"Klimatechnik";;
"1877";"55";"Pièce";"Werkstück";"Workpiece";"İş parçası";"قطعة العمل";;"Klimatechnik";;
"732";"65";"intérieur";"innen";"Interior";"İç kısım";"الداخل";;"Klimatechnik";;
"1346";"78";"Oxygène";"Sauerstoff";"Oxygen";"Oksijen";"الأكسجين";;"Klimatechnik";;
"310";"78";"Réducteur de pression";"Druckminderer";"Pressure reducer";"Basınç düşürücü";"مخفض الضغط";;"Klimatechnik";;
